date,brent_price,wti_price,GPR_index,INR/USD_rate,LPG_price,petrol_price,diesel_price,brent_lag1,brent_lag3,brent_lag6,wti_lag1,wti_lag3,GPR_lag1,GPR_lag3,usd_rate_lag1,usd_rate_lag3,lpg_price_lag1,lpg_price_lag3,petrol_price_lag1,petrol_price_lag3,diesel_price_lag1,diesel_price_lag3,brent_roll3,GPR_roll3,usd_rate_roll3,brent_roll6,GPR_roll6,brent_pct_change,wti_pct_change,GPR_pct_change,usd_pct_change,lpg_pct_change,petrol_pct_change,diesel_pct_change,conflict_event,risk_level,crude_inr_impact,conflict_crude_index,brent_wti_spread,inr_gpr_stress,crude_lpg_impact,lpg_momentum,conflict_intensity,GPR_outlier,brent_outlier,lpg_price_outlier,petrol_price_outlier,diesel_price_outlier,usd_outliers
01-07-2010,75.58,76.32,79.38,46.7617,378.4,54.45,42.32,74.76,84.82,76.17,75.34,84.29,96.45,88.76,46.4983,44.444,373.4,363.4,54.37,50.89,42.24,40.04,75.43,88.2633,46.343,77.2817,84.7333,1.0968,1.3008,-17.6983,0.5665,1.339,0.1471,0.1894,0,0,3534.2493,59.9954,-0.74,37.1194,9.34,5,-0.7504,0,0,0,0,0,0
01-08-2010,77.04,76.6,80.99,46.4605,383.4,54.55,39.88,75.58,75.95,73.75,76.32,73.74,79.38,88.96,46.7617,45.769,378.4,368.4,54.45,51.44,42.32,40.5,75.7933,85.6067,46.5735,77.83,84.7767,1.9317,0.3669,2.0282,-0.6441,1.3214,0.1837,-5.7656,0,0,3579.3169,62.3947,0.44,37.6284,9.3357,5,-0.6856,0,0,0,0,0,0
01-09-2010,77.84,75.24,71.17,45.8729,388.4,54.77,39.98,77.04,74.76,78.83,76.6,75.34,80.99,96.45,46.4605,46.4983,383.4,373.4,54.55,54.37,39.88,42.24,76.82,77.18,46.365,77.665,84.285,1.0384,-1.7755,-12.125,-1.2647,1.3041,0.4033,0.2508,0,0,3570.7465,55.3987,2.6,32.6477,9.1935,5,-0.9516,0,0,0,0,0,0
01-10-2010,82.67,81.89,65.99,44.354,393.4,55.47,39.89,77.84,75.58,84.82,75.24,76.32,71.17,79.38,45.8729,46.7617,388.4,378.4,54.77,54.45,39.98,42.32,79.1833,72.7167,45.5625,77.3067,80.49,6.205,8.8384,-7.2783,-3.3111,1.2873,1.2781,-0.2251,0,0,3666.7452,54.5539,0.78,29.2692,9.3207,5,-1.0392,0,0,0,0,0,1
01-11-2010,85.28,84.25,94.71,44.9315,398.4,55.78,39.89,82.67,77.04,75.95,81.89,76.6,65.99,80.99,44.354,46.4605,393.4,383.4,55.47,54.55,39.89,39.88,81.93,77.29,45.0528,78.8617,81.4483,3.1571,2.8819,43.5217,1.302,1.271,0.5589,0,0,0,3831.7583,80.7687,1.03,42.5546,9.6179,5,-0.2021,0,0,0,0,0,0
01-12-2010,91.45,89.15,97.2,45.1,403.4,59.08,39.89,85.28,77.84,74.76,84.25,75.24,94.71,71.17,44.9315,45.8729,398.4,388.4,55.78,54.77,39.89,39.98,86.4667,85.9667,44.7952,81.6433,81.5733,7.235,5.816,2.6291,0.375,1.255,5.9161,0,0,0,4124.395,88.8894,2.3,43.8372,10.2241,5,-0.0707,0,0,0,1,0,0
01-01-2011,96.52,89.17,79.42,45.375,413.4,61.66,39.89,91.45,82.67,75.58,89.15,81.89,97.2,65.99,45.1,44.354,403.4,393.4,59.08,55.47,39.89,39.89,91.0833,90.4433,45.1355,85.1333,81.58,5.544,0.0224,-18.2922,0.6098,2.4789,4.367,0,0,0,4379.595,76.6562,7.35,36.0368,10.5941,6.6667,-0.5265,0,0,0,0,0,0
01-02-2011,103.72,88.58,90.01,45.3795,453.4,61.66,39.89,96.52,85.28,77.04,89.17,84.25,79.42,94.71,45.375,44.9315,413.4,398.4,61.66,55.78,39.89,39.89,97.23,88.8767,45.2848,89.58,83.0833,7.4596,-0.6617,13.3342,0.0099,9.6759,0,0,1,0,4706.7617,93.3584,15.14,40.8461,10.381,18.3333,-0.1726,0,0,0,0,0,0
01-03-2011,114.64,102.86,136.89,44.9143,533.4,61.38,39.89,103.72,91.45,77.84,88.58,89.15,90.01,97.2,45.3795,45.1,453.4,403.4,61.66,59.08,39.89,39.89,104.96,102.1067,45.2229,95.7133,94.0367,10.5283,16.121,52.0831,-1.0251,17.6445,-0.4541,0,1,1,5148.9754,156.9307,11.78,61.4832,9.6531,43.3333,1.218,0,0,1,0,0,0
01-04-2011,123.26,109.53,91.02,44.301,533.4,61.38,39.89,114.64,96.52,82.67,102.86,89.17,136.89,79.42,44.9143,45.375,533.4,413.4,61.38,61.66,39.89,39.89,113.8733,105.9733,44.8649,102.4783,98.2083,7.5192,6.4845,-33.5087,-1.3655,0,0,0,1,0,5460.5413,112.1913,13.73,40.3228,10.2372,40,-0.0256,0,0,0,0,0,0
01-05-2011,114.99,100.9,105.34,44.9024,563.4,66.49,43.18,123.26,103.72,85.28,109.53,88.58,91.02,90.01,44.301,45.3795,533.4,453.4,61.38,61.66,39.89,39.89,117.63,111.0833,44.7059,107.43,99.98,-6.7094,-7.8791,15.7328,1.3575,5.6243,8.3252,8.2477,0,1,5163.327,121.1305,14.09,47.3002,9.1646,36.6667,0.3321,0,0,0,1,1,0
01-06-2011,113.83,96.26,84.39,44.8109,603.4,66.79,43.38,114.99,114.64,91.45,100.9,102.86,105.34,136.89,44.9024,44.9143,563.4,533.4,66.49,61.38,43.18,39.89,117.36,93.5833,44.6714,111.16,97.845,-1.0088,-4.5986,-19.888,-0.2038,7.0998,0.4512,0.4632,0,0,5100.8247,96.0611,17.57,37.8159,8.4535,23.3333,-0.2644,0,0,0,0,0,0
01-07-2011,116.97,97.3,78.92,44.396,713.4,66.79,43.38,113.83,123.26,96.52,96.26,109.53,84.39,91.02,44.8109,44.301,603.4,533.4,66.79,61.38,43.38,39.89,115.2633,89.55,44.7031,114.5683,97.7617,2.7585,1.0804,-6.4818,-0.9259,18.23,0,0,0,0,5193.0001,92.3127,19.67,35.0373,7.2792,60,-0.4,0,0,1,0,0,0
01-08-2011,110.22,86.33,86.95,45.3135,733.4,70.07,47.16,116.97,114.99,103.72,97.3,100.9,78.92,105.34,44.396,44.9024,713.4,563.4,66.79,66.49,43.38,43.18,113.6733,83.42,44.8401,115.6517,97.2517,-5.7707,-11.2744,10.1749,2.0666,2.8035,4.9109,8.7137,0,0,4994.454,95.8363,23.89,39.4001,6.81,56.6667,-0.2146,0,0,0,0,1,0
01-09-2011,112.83,85.52,83.35,47.6905,733.4,70.07,47.16,110.22,113.83,114.64,86.33,96.26,86.95,84.39,45.3135,44.8109,733.4,603.4,70.07,66.79,47.16,43.38,113.34,83.0733,45.8,115.35,88.3283,2.368,-0.9383,-4.1403,5.2457,0,0,0,0,0,5380.9191,94.0438,27.31,39.75,7.3369,43.3333,-0.2997,0,0,0,0,0,1
01-10-2011,109.55,86.32,76.34,49.202,803.4,71.95,48.18,112.83,116.97,123.26,85.52,97.3,83.35,78.92,47.6905,44.396,733.4,713.4,70.07,66.79,47.16,43.38,110.8667,82.2133,47.402,113.065,85.8817,-2.907,0.9355,-8.4103,3.1694,9.5446,2.683,2.1628,0,0,5390.0791,83.6305,23.23,37.5608,6.7091,30,-0.5176,0,0,0,0,0,1
01-11-2011,110.77,97.16,83.16,50.6785,844.9,69.62,47.68,109.55,110.22,114.99,86.32,86.33,76.34,86.95,49.202,45.3135,803.4,733.4,71.95,70.07,48.18,47.16,111.05,80.95,49.1903,112.3617,82.185,1.1136,12.5579,8.9337,3.0009,5.1655,-3.2384,-1.0378,0,0,5613.6574,92.1163,13.61,42.1442,6.6442,37.1667,-0.3178,0,0,0,0,0,1
01-12-2011,107.87,98.56,85.34,52.3824,880.4,68.82,47.18,110.77,112.83,113.83,97.16,85.52,83.16,83.35,50.6785,47.6905,844.9,733.4,69.62,70.07,47.68,47.16,109.3967,81.6133,50.7543,111.3683,82.3433,-2.618,1.4409,2.6215,3.3622,4.2017,-1.1491,-1.0487,0,0,5650.4895,92.0563,9.31,44.7031,6.4181,49,-0.2753,0,0,0,0,0,1
01-01-2012,110.69,100.27,79.63,51.0015,880.4,68.82,47.18,107.87,109.55,116.97,98.56,86.32,85.34,76.34,52.3824,49.202,880.4,803.4,68.82,71.95,47.18,48.18,109.7767,82.71,51.3541,110.3217,82.4617,2.6143,1.735,-6.6909,-2.6362,0,0,0,1,0,5645.356,88.1424,10.42,40.6125,6.4123,25.6667,-0.4177,0,0,0,0,0,0
01-02-2012,119.33,102.2,92.45,49.1812,880.4,68.82,47.18,110.69,110.77,110.22,100.27,97.16,79.63,83.16,51.0015,50.6785,880.4,844.9,68.82,69.62,47.18,47.68,112.63,85.8067,50.855,111.84,83.3783,7.8056,1.9248,16.0995,-3.5691,0,0,0,1,0,5868.7926,110.3206,17.13,45.468,6.6661,11.8333,-0.0061,0,0,0,0,0,1
01-03-2012,125.45,106.16,88.76,50.3635,880.4,68.82,47.18,119.33,107.87,112.83,102.2,98.56,92.45,85.34,49.1812,52.3824,880.4,880.4,68.82,68.82,47.18,47.18,118.49,86.9467,50.1821,113.9433,84.28,5.1286,3.8748,-3.9913,2.404,0,0,0,0,0,6318.1011,111.3494,19.29,44.7026,7.1764,0,-0.0782,0,0,0,0,0,0
01-04-2012,119.75,103.32,96.02,51.69,903.4,68.82,47.18,125.45,110.69,109.55,106.16,100.27,88.76,79.63,50.3635,51.0015,880.4,880.4,68.82,68.82,47.18,47.18,121.51,92.41,50.4116,115.6433,87.56,-4.5436,-2.6752,8.1794,2.6339,2.6124,0,0,0,0,6189.8775,114.984,16.43,49.6327,6.8518,7.6667,0.0967,0,0,0,0,0,0
01-05-2012,110.34,94.66,78.17,54.3314,903.4,71.76,49.3,119.75,119.33,110.77,103.32,102.2,96.02,92.45,51.69,49.1812,903.4,880.4,68.82,68.82,47.18,47.18,118.5133,87.65,52.1283,115.5717,86.7283,-7.858,-8.3817,-18.5899,5.1101,0,4.272,4.4934,0,0,5994.9267,86.2528,15.68,42.4709,6.636,7.6667,-0.461,0,0,0,0,0,1
01-06-2012,95.16,82.3,77.82,55.9424,922.9,71.76,49.3,110.34,125.45,107.87,94.66,106.16,78.17,88.76,54.3314,50.3635,903.4,880.4,71.76,68.82,49.3,47.18,108.4167,84.0033,53.9879,113.4533,85.475,-13.7575,-13.0573,-0.4477,2.9651,2.1585,0,0,0,0,5323.4788,74.0535,12.86,43.5344,5.7682,14.1667,-0.583,0,0,0,0,0,0
01-07-2012,102.62,87.9,82.81,55.4248,922.9,71.76,49.3,95.16,119.75,110.69,82.3,103.32,77.82,96.02,55.9424,51.69,922.9,903.4,71.76,68.82,49.3,47.18,102.7067,79.6,55.2329,112.1083,86.005,7.8394,6.8044,6.4122,-0.9252,0,0,0,1,0,5687.693,84.9796,14.72,45.8973,6.1628,6.5,-0.3833,0,0,0,0,0,0
01-08-2012,113.36,94.13,74.88,55.4935,922.9,71.76,49.3,102.62,110.34,119.33,87.9,94.66,82.81,78.17,55.4248,54.3314,922.9,903.4,71.76,71.76,49.3,49.3,103.7133,78.5033,55.6202,111.1133,83.0767,10.4658,7.0876,-9.5761,0.124,0,0,0,0,0,6290.7432,84.884,19.23,41.5535,6.8163,6.5,-0.5348,0,0,0,0,0,0
01-09-2012,112.86,94.51,69.28,54.35,922.9,71.76,49.3,113.36,95.16,125.45,94.13,82.3,74.88,77.82,55.4935,55.9424,922.9,922.9,71.76,71.76,49.3,49.3,109.6133,75.6567,55.0894,109.015,79.83,-0.4411,0.4037,-7.4786,-2.0606,0,0,0,0,0,6133.941,78.1894,18.35,37.6537,6.6464,0,-0.6955,0,0,0,0,0,0
01-10-2012,111.71,89.49,81.66,53.0995,922.9,71.76,49.3,112.86,102.62,119.75,94.51,87.9,69.28,82.81,54.35,55.4248,922.9,922.9,71.76,71.76,49.3,49.3,112.6433,75.2733,54.3143,107.675,77.4367,-1.019,-5.3116,17.8695,-2.3008,0,0,0,0,0,5931.7451,91.2224,22.22,43.3611,6.4273,0,-0.3541,0,0,0,0,0,0
01-11-2012,109.06,86.53,81.39,54.7845,925.4,71.76,49.3,111.71,113.36,110.34,89.49,94.13,81.66,74.88,53.0995,55.4935,922.9,922.9,71.76,71.76,49.3,49.3,111.21,77.4433,54.078,107.4617,77.9733,-2.3722,-3.3076,-0.3306,3.1733,0.2709,0,0,0,0,5974.7976,88.7639,22.53,44.5891,6.4564,0.8333,-0.3786,0,0,0,0,0,1
01-12-2012,109.49,87.86,74.83,54.647,925.4,71.76,49.3,109.06,112.86,95.16,86.53,94.51,81.39,69.28,54.7845,54.35,925.4,922.9,71.76,71.76,49.3,49.3,110.0867,79.2933,54.177,109.85,77.475,0.3943,1.537,-8.06,-0.251,0,0,0,0,0,5983.3,81.9314,21.63,40.8924,6.4656,0.8333,-0.5604,0,0,0,0,0,0
01-01-2013,112.96,94.76,90.66,54.229,925.4,71.76,49.3,109.49,111.71,102.62,87.86,89.49,74.83,81.66,54.647,53.0995,925.4,922.9,71.76,71.76,49.3,49.3,110.5033,82.2933,54.5535,111.5733,78.7833,3.1692,7.8534,21.1546,-0.7649,0,0,0,0,0,6125.7078,102.4095,18.2,49.164,6.6195,0.8333,-0.0931,0,0,0,0,0,0
01-02-2013,116.05,95.31,81.59,53.8079,925.4,71.76,49.3,112.96,109.06,113.36,94.76,86.53,90.66,81.39,54.229,54.7845,925.4,925.4,71.76,71.76,49.3,49.3,112.8333,82.36,54.228,112.0217,79.9017,2.7355,0.5804,-10.0044,-0.7765,0,0,0,0,0,6244.4068,94.6852,20.74,43.9019,6.7478,0,-0.3301,0,0,0,0,0,0
01-03-2013,108.47,92.94,75.9,54.4229,973.4,69.26,50.23,116.05,109.49,112.86,95.31,87.86,81.59,74.83,53.8079,54.647,925.4,925.4,71.76,71.76,49.3,49.3,112.4933,82.7167,54.1533,111.29,81.005,-6.5317,-2.4866,-6.9739,1.143,5.1869,-3.4838,1.8864,0,0,5903.252,82.3287,15.53,41.307,6.0646,16,-0.537,0,0,0,0,0,0
01-04-2013,102.25,92.02,95.11,54.3236,973.4,69.26,50.23,108.47,112.96,111.71,92.94,94.76,75.9,90.66,54.4229,54.229,973.4,925.4,69.26,71.76,50.23,49.3,108.9233,84.2,54.1848,109.7133,83.2467,-5.7343,-0.9899,25.3096,-0.1825,0,0,0,0,0,5554.5881,97.25,10.23,51.6672,5.7064,16,-0.0399,0,0,0,0,0,0
01-05-2013,102.56,94.51,83.72,54.9845,973.4,69.26,50.23,102.25,116.05,109.06,92.02,95.31,95.11,81.59,54.3236,53.8079,973.4,925.4,69.26,71.76,50.23,49.3,104.4267,84.91,54.577,108.63,83.635,0.3032,2.7059,-11.9756,1.2166,0,0,0,0,0,5639.2103,85.8632,8.05,46.033,5.7933,16,-0.3581,0,0,0,0,0,0
01-06-2013,102.92,95.77,82.97,58.3835,974.9,69.26,50.23,102.56,108.47,109.49,94.51,92.94,83.72,75.9,54.9845,54.4229,973.4,973.4,69.26,69.26,50.23,50.23,102.5767,87.2667,55.8972,107.535,84.9917,0.351,1.3332,-0.8958,6.1817,0.1541,0,0,0,0,6008.8298,85.3927,7.15,48.4408,6.1635,0.5,-0.3766,0,0,0,0,0,1
01-07-2013,107.93,104.67,73.98,59.7609,974.9,69.26,50.23,102.92,102.25,112.96,95.77,92.02,82.97,95.11,58.3835,54.3236,974.9,973.4,69.26,69.26,50.23,50.23,104.47,80.2233,57.7096,106.6967,82.2117,4.8679,9.2931,-10.8352,2.3592,0,0,0,0,0,6449.9939,79.8466,3.26,44.2111,6.6161,0.5,-0.5946,0,0,0,0,0,0
01-08-2013,111.28,106.57,90.96,62.8109,974.9,69.26,50.23,107.93,102.56,116.05,104.67,94.51,73.98,83.72,59.7609,54.9845,974.9,973.4,69.26,69.26,50.23,50.23,107.3767,82.6367,60.3184,105.9017,83.7733,3.1039,1.8152,22.9521,5.1037,0,0,0,0,0,6989.597,101.2203,4.71,57.1328,7.1696,0.5,-0.0951,0,0,0,0,0,1
01-09-2013,111.6,106.29,100.46,63.648,1023.9,69.26,50.23,111.28,102.92,108.47,106.57,95.77,90.96,82.97,62.8109,58.3835,974.9,974.9,69.26,69.26,50.23,50.23,110.27,88.4667,62.0733,106.4233,87.8667,0.2876,-0.2627,10.4442,1.3327,5.0262,0,0,0,1,7103.1168,112.1134,5.31,63.9408,6.9373,16.3333,0.1743,0,0,0,0,0,0
01-10-2013,109.08,100.54,72.95,61.6059,1023.9,69.26,50.23,111.6,107.93,102.25,106.29,104.67,100.46,73.98,63.648,59.7609,1023.9,974.9,69.26,69.26,50.23,50.23,110.6533,88.1233,62.6883,107.5617,84.1733,-2.2581,-5.4097,-27.384,-3.2084,0,0,0,0,0,6719.9716,79.5739,8.54,44.9415,6.5631,16.3333,-0.616,0,0,0,0,0,1
01-11-2013,107.79,93.86,77.78,62.5179,1023.9,69.26,50.23,109.08,111.28,102.56,100.54,106.57,72.95,90.96,61.6059,62.8109,1023.9,974.9,69.26,69.26,50.23,50.23,109.49,83.73,62.5906,108.4333,83.1833,-1.1826,-6.6441,6.621,1.4804,0,0,0,0,0,6738.8044,83.8391,13.93,48.6264,6.5815,16.3333,-0.4886,0,0,0,0,0,0
01-12-2013,110.76,97.63,70.37,61.811,1024.4,69.26,50.23,107.79,111.6,102.92,93.86,106.29,77.78,100.46,62.5179,63.648,1023.9,1023.9,69.26,69.26,50.23,50.23,109.21,73.7,61.9783,109.74,81.0833,2.7554,4.0166,-9.5269,-1.1307,0.0488,0,0,0,0,6846.1864,77.9418,13.13,43.4964,6.6831,0.1667,-0.6778,0,0,0,0,0,0
01-01-2014,108.12,94.62,77.92,62.1057,1244.4,69.79,61.73,110.76,109.08,107.93,97.63,100.54,70.37,72.95,61.811,61.6059,1024.4,1023.9,69.26,69.26,50.23,50.23,108.89,75.3567,62.1449,109.7717,81.74,-2.3835,-3.0831,10.729,0.4768,21.476,0.7652,22.8947,0,0,6714.8683,84.2471,13.5,48.3928,5.3961,73.5,-0.4825,0,0,1,0,1,0
01-02-2014,108.9,100.82,69,62.1642,1066.4,69.79,61.73,108.12,107.79,111.28,94.62,93.86,77.92,77.78,62.1057,62.5179,1244.4,1023.9,69.79,69.26,61.73,50.23,109.26,72.43,62.027,109.375,78.08,0.7214,6.5525,-11.4476,0.0942,-14.3041,0,0,0,0,6769.6814,75.141,8.08,42.8933,6.3482,14.1667,-0.7284,0,0,1,0,0,0
01-03-2014,107.48,100.8,119.84,60.9476,1066.4,69.79,61.73,108.9,110.76,111.6,100.82,97.63,69,70.37,62.1642,61.811,1066.4,1024.4,69.79,69.26,61.73,50.23,108.1667,88.92,61.7392,108.6883,81.31,-1.3039,-0.0198,73.6812,-1.9571,0,0,0,0,1,6550.648,128.804,6.68,73.0396,6.1428,14,0.6931,0,0,0,0,0,0
01-04-2014,107.76,102.07,93.22,60.3464,1107.4,69.79,61.73,107.48,108.12,109.08,100.8,94.62,119.84,77.92,60.9476,62.1057,1066.4,1244.4,69.79,69.79,61.73,61.73,108.0467,94.02,61.1527,108.4683,84.6883,0.2605,1.2599,-22.213,-0.9864,3.8447,0,0,0,0,6502.9281,100.4539,5.69,56.2549,5.8722,-45.6667,-0.0542,0,0,0,0,0,0
01-05-2014,109.54,102.18,83.43,59.2843,1107.4,74.74,61.73,107.76,108.9,107.79,102.07,100.82,93.22,69,60.3464,62.1642,1107.4,1066.4,69.79,69.79,61.73,61.73,108.26,98.83,60.1928,108.76,85.63,1.6518,0.1078,-10.502,-1.76,0,7.0927,0,0,0,6494.0022,91.3892,7.36,49.4609,5.8642,13.6667,-0.3181,0,0,0,1,0,0
01-06-2014,111.8,105.79,98.77,59.7367,1244.4,74.74,61.73,109.54,107.48,110.76,102.18,100.8,83.43,119.84,59.2843,60.9476,1107.4,1066.4,74.74,69.79,61.73,61.73,109.7,91.8067,59.7891,108.9333,90.3633,2.0632,3.533,18.3867,0.7631,12.3713,0,0,1,0,6678.5631,110.4249,6.01,59.0019,5.3669,59.3333,0.128,0,0,1,0,0,0
01-07-2014,106.77,103.59,138.75,60.0956,1244.4,74.74,61.73,111.8,107.76,108.12,105.79,102.07,98.77,93.22,59.7367,60.3464,1244.4,1107.4,74.74,69.79,61.73,61.73,109.37,106.9833,59.7055,108.7083,100.5017,-4.4991,-2.0796,40.4779,0.6008,0,0,0,1,1,6416.4072,148.1434,3.18,83.3826,5.1562,45.6667,1.2205,0,0,0,0,0,0
01-08-2014,101.61,96.54,136.45,60.8738,1244.4,74.74,61.73,106.77,109.54,108.9,103.59,102.18,138.75,83.43,60.0956,59.2843,1244.4,1107.4,74.74,74.74,61.73,61.73,106.7267,124.6567,60.2354,107.4933,111.7433,-4.8328,-6.8057,-1.6577,1.2949,0,0,0,1,1,6185.3868,138.6468,5.07,83.0623,4.9706,45.6667,1.1188,0,0,0,0,0,0
01-09-2014,97.09,93.21,131.56,60.8976,1075.4,75.75,58.26,101.61,111.8,107.48,96.54,105.79,136.45,98.77,60.8738,59.7367,1244.4,1244.4,74.74,74.74,61.73,61.73,101.8233,135.5867,60.6223,105.7617,113.6967,-4.4484,-3.4493,-3.5837,0.0391,-13.5808,1.3514,-5.6213,0,1,5912.548,127.7316,3.88,80.1169,5.498,-56.3333,0.9457,0,0,1,0,0,0
01-10-2014,87.43,84.4,83.66,61.3668,1075.4,75.75,55.81,97.09,106.77,107.76,93.21,103.59,131.56,138.75,60.8976,60.0956,1075.4,1244.4,75.75,74.74,58.26,61.73,95.3767,117.2233,61.0461,102.3733,112.1033,-9.9495,-9.4518,-36.4092,0.7705,0,0,-4.2053,0,0,5365.2993,73.1439,3.03,51.3395,4.9891,-56.3333,-0.4908,0,0,0,0,0,0
01-11-2014,79.44,75.79,84.38,61.6828,903.4,75.75,55.81,87.43,101.61,109.54,84.4,96.54,83.66,136.45,61.3668,60.8738,1075.4,1244.4,75.75,74.74,55.81,61.73,87.9867,99.8667,61.3157,97.3567,112.2617,-9.1387,-10.2014,0.8606,0.5149,-15.994,0,0,0,0,4900.0816,67.0315,3.65,52.0479,5.424,-113.6667,-0.5598,0,0,1,0,0,0
01-12-2014,62.34,59.29,86.53,62.7071,771.9,75.75,55.81,79.44,97.09,111.8,75.79,93.21,84.38,131.56,61.6828,60.8976,903.4,1075.4,75.75,75.75,55.81,58.26,76.4033,84.8567,61.9189,89.1133,110.2217,-21.5257,-21.7707,2.548,1.6606,-14.5561,0,0,0,0,3909.1606,53.9428,3.05,54.2605,5.0643,-101.1667,-0.7672,0,1,1,0,0,0
01-01-2015,47.76,47.22,111.99,62.13,733.4,75.75,55.81,62.34,87.43,106.77,59.29,84.4,86.53,83.66,62.7071,61.3668,771.9,1075.4,75.75,75.75,55.81,55.81,63.18,94.3,62.1733,79.2783,105.7617,-23.3879,-20.3576,29.4233,-0.9203,-4.9877,0,0,0,1,2967.3288,53.4864,0.54,69.5794,4.046,-114,-0.4307,0,1,0,0,0,0
01-02-2015,58.1,50.58,111.92,61.9905,698.4,75.75,55.81,47.76,79.44,101.61,47.22,75.79,111.99,84.38,62.13,61.6828,733.4,903.4,75.75,75.75,55.81,55.81,56.0667,103.48,62.2759,72.0267,101.6733,21.6499,7.1156,-0.0625,-0.2245,-4.7723,0,0,0,1,3601.648,65.0255,7.52,69.3798,5.157,-68.3333,-0.1435,0,1,0,0,0,0
01-03-2015,55.89,47.82,104.24,62.4805,648.4,63.76,50.84,58.1,62.34,97.09,50.58,59.29,111.92,86.53,61.9905,62.7071,698.4,771.9,75.75,75.75,55.81,55.81,53.9167,109.3833,62.2003,65.16,97.12,-3.8038,-5.4567,-6.862,0.7904,-7.1592,-15.8284,-8.9052,1,1,3492.0351,58.2597,8.07,65.1297,5.3856,-41.1667,-0.4124,0,0,0,1,1,0
01-04-2015,59.52,54.45,102.19,62.6414,623.4,63.76,50.84,55.89,47.76,87.43,47.82,47.22,104.24,111.99,62.4805,62.13,648.4,733.4,63.76,75.75,50.84,55.81,57.8367,106.1167,62.3708,60.5083,100.2083,6.4949,13.8645,-1.9666,0.2575,-3.8556,0,0,1,1,3728.4161,60.8235,5.07,64.0132,5.9808,-36.6667,-0.3854,0,0,0,0,0,0
01-05-2015,64.08,59.27,76.26,63.715,609.4,63.76,50.84,59.52,58.1,79.44,54.45,50.58,102.19,111.92,62.6414,61.9905,623.4,698.4,63.76,75.75,50.84,55.81,59.83,94.23,62.9456,57.9483,98.855,7.6613,8.8522,-25.3743,1.7139,-2.2457,0,0,0,0,4082.8572,48.8674,4.81,48.5891,6.6998,-29.6667,-1.0224,0,0,0,0,0,0
01-06-2015,61.48,59.82,85.91,63.7809,609.4,63.76,50.84,64.08,55.89,62.34,59.27,47.82,76.26,104.24,63.715,62.4805,609.4,648.4,63.76,63.76,50.84,50.84,61.6933,88.12,63.3791,57.805,98.7517,-4.0574,0.928,12.6541,0.1034,0,0,0,0,0,3921.2497,52.8175,1.66,54.7942,6.4346,-13,-0.8021,0,0,0,0,0,0
01-07-2015,56.56,50.9,106.81,63.6045,609.4,63.76,50.84,61.48,59.52,47.76,59.82,54.45,85.91,102.19,63.7809,62.6414,609.4,623.4,63.76,63.76,50.84,50.84,60.7067,89.66,63.7001,59.2717,97.8883,-8.0026,-14.9114,24.3278,-0.2766,0,0,0,0,1,3597.4705,60.4117,5.66,67.936,5.9033,-4.6667,-0.3237,0,0,0,0,0,0
01-08-2015,46.52,42.87,82.48,65.0971,609.4,63.76,50.84,56.56,64.08,58.1,50.9,59.27,106.81,76.26,63.6045,63.715,609.4,609.4,63.76,63.76,50.84,50.84,54.8533,91.7333,64.1608,57.3417,92.9817,-17.7511,-15.776,-22.7788,2.3467,0,0,0,0,0,3028.3171,38.3697,3.65,53.6921,4.9693,0,-1.3045,0,0,0,0,0,0
01-09-2015,47.62,45.48,98.77,66.1667,609.4,63.76,50.84,46.52,61.48,55.89,42.87,59.82,82.48,85.91,65.0971,63.7809,609.4,609.4,63.76,63.76,50.84,50.84,50.2333,96.02,64.9561,55.9633,92.07,2.3646,6.0882,19.7502,1.6431,0,0,0,0,0,3150.8583,47.0343,2.14,65.3528,5.1704,0,-0.8075,0,0,0,0,0,0
01-10-2015,48.43,46.22,91.93,65.0262,609.4,63.76,50.84,47.62,56.56,59.52,45.48,50.9,98.77,106.81,66.1667,63.6045,609.4,609.4,63.76,63.76,50.84,50.84,47.5233,91.06,65.43,54.115,90.36,1.701,1.6271,-6.9252,-1.7237,0,0,0,0,0,3149.2189,44.5217,2.21,59.7786,5.1677,0,-0.9728,0,0,0,0,0,0
01-11-2015,44.27,42.44,150.72,66.1,609.4,63.76,50.84,48.43,46.52,64.08,46.22,42.87,91.93,82.48,65.0262,65.0971,609.4,609.4,63.76,63.76,50.84,50.84,46.7733,113.8067,65.7643,50.8133,102.77,-8.5897,-8.1783,63.9508,1.6513,0,0,0,0,2,2926.247,66.7237,1.83,99.6259,4.8018,0,0.5313,0,0,0,0,0,0
01-12-2015,38.01,37.19,148.24,66.5023,609.4,63.76,50.84,44.27,47.62,61.48,42.44,45.48,150.72,98.77,66.1,66.1667,609.4,609.4,63.76,63.76,50.84,50.84,43.57,130.2967,65.8762,46.9017,113.1583,-14.1405,-12.3704,-1.6454,0.6086,0,0,0,0,1,2527.7524,56.346,0.82,98.583,4.1479,0,0.1728,0,0,0,0,0,0
01-01-2016,30.7,31.68,118.21,67.3332,609.4,63.76,50.84,38.01,48.43,56.56,37.19,46.22,148.24,91.93,66.5023,65.0262,609.4,609.4,63.76,63.76,50.84,50.84,37.66,139.0567,66.6452,42.5917,115.0583,-19.2318,-14.8158,-20.2577,1.2494,0,0,0,0,1,2067.1292,36.2905,-0.98,79.5946,3.3921,0,-1.1585,0,1,0,0,0,0
01-02-2016,32.18,30.32,103.75,68.2395,587.4,63.76,50.84,30.7,44.27,46.52,31.68,42.44,118.21,150.72,67.3332,66.1,609.4,609.4,63.76,63.76,50.84,50.84,33.63,123.4,67.3583,40.2017,118.6033,4.8208,-4.2929,-12.2325,1.346,-3.6101,0,0,0,1,2195.9471,33.3868,1.86,70.7985,3.7384,-7.3333,-1.4492,0,0,0,0,0,0
01-03-2016,38.21,37.55,109.72,66.8909,562.9,67.74,53.34,32.18,38.01,47.62,30.32,37.19,103.75,148.24,68.2395,66.5023,587.4,609.4,63.76,63.76,50.84,50.84,33.6967,110.56,67.4879,38.6333,120.4283,18.7383,23.8456,5.7542,-1.9763,-4.1709,6.2422,4.9174,0,1,2555.9013,41.924,0.66,73.3927,4.5406,-15.5,-0.9006,0,1,0,1,0,0
01-04-2016,41.58,40.75,85.22,66.4219,512.9,67.74,53.34,38.21,30.7,48.43,37.55,31.68,109.72,118.21,66.8909,67.3332,562.9,609.4,67.74,63.76,53.34,50.84,37.3233,99.5633,67.1841,37.4917,119.31,8.8197,8.522,-22.3296,-0.7011,-8.8826,0,0,0,0,2761.8226,35.4345,0.83,56.6047,5.3847,-32.1667,-1.4256,0,0,0,0,0,0
01-05-2016,46.74,46.71,88.33,66.8895,512.9,67.74,53.34,41.58,32.18,44.27,40.75,30.32,85.22,103.75,66.4219,68.2395,512.9,587.4,67.74,63.76,53.34,50.84,42.1767,94.4233,66.7341,37.9033,108.9117,12.4098,14.6258,3.6494,0.704,0,0,0,0,0,3126.4152,41.2854,0.03,59.0835,6.0956,-24.8333,-1.132,0,0,0,0,0,0
01-06-2016,48.25,48.76,90.17,67.2655,512.9,67.74,53.34,46.74,38.21,38.01,46.71,37.55,88.33,109.72,66.8895,66.8909,512.9,562.9,67.74,67.74,53.34,53.34,45.5233,87.9067,66.859,39.61,99.2333,3.2306,4.3888,2.0831,0.5621,0,0,0,0,0,3245.5604,43.507,-0.51,60.6533,6.3279,-16.6667,-1.0283,0,0,0,0,0,0
01-07-2016,44.95,44.65,114.61,67.158,523.9,67.74,53.34,48.25,41.58,30.7,48.76,40.75,90.17,85.22,67.2655,66.4219,512.9,512.9,67.74,67.74,53.34,53.34,46.6467,97.7033,67.1043,41.985,98.6333,-6.8394,-8.429,27.1044,-0.1598,2.1447,0,0,0,1,3018.7521,51.5172,0.3,76.9698,5.7621,3.6667,-0.4585,0,0,0,0,0,0
01-08-2016,45.84,44.72,98.74,66.9035,523.9,67.74,53.34,44.95,46.74,32.18,44.65,46.71,114.61,88.33,67.158,66.8895,523.9,512.9,67.74,67.74,53.34,53.34,46.3467,101.1733,67.109,44.2617,97.7983,1.98,0.1568,-13.847,-0.379,0,0,0,0,0,3066.8564,45.2624,1.12,66.0605,5.8539,3.6667,-0.8716,0,0,0,0,0,0
01-09-2016,46.57,45.18,104.55,66.7138,551.9,67.74,53.34,45.84,48.25,38.21,44.72,48.76,98.74,90.17,66.9035,67.2655,523.9,512.9,67.74,67.74,53.34,53.34,45.7867,105.9667,66.9251,45.655,96.9367,1.5925,1.0286,5.8841,-0.2835,5.3445,0,0,0,1,3106.8617,48.6889,1.39,69.7493,5.6294,13,-0.6816,0,0,0,0,0,0
01-10-2016,49.52,49.78,85.75,66.7415,551.9,67.74,53.34,46.57,44.95,41.58,45.18,44.65,104.55,114.61,66.7138,67.158,551.9,523.9,67.74,67.74,53.34,53.34,47.31,96.3467,66.7863,46.9783,97.025,6.3346,10.1815,-17.9818,0.0415,0,0,0,0,0,3305.0391,42.4634,-0.26,57.2308,5.9885,9.3333,-1.1114,0,0,0,0,0,0
01-11-2016,44.73,45.66,82.92,67.6395,551.9,67.74,53.34,49.52,45.84,46.74,49.78,44.72,85.75,98.74,66.7415,66.9035,551.9,523.9,67.74,67.74,53.34,53.34,46.94,91.0733,67.0316,46.6433,96.1233,-9.6729,-8.2764,-3.3003,1.3455,0,0,0,0,0,3025.5148,37.0901,-0.93,56.0867,5.482,9.3333,-1.3589,0,0,0,0,0,0
01-12-2016,53.31,51.97,102.18,67.8052,587.4,67.74,53.34,44.73,46.57,48.25,45.66,45.18,82.92,104.55,67.6395,66.7138,551.9,551.9,67.74,67.74,53.34,53.34,49.1867,90.2833,67.3954,47.4867,98.125,19.1818,13.8195,23.2272,0.245,6.4323,0,0,0,1,3614.6952,54.4722,1.34,69.2834,6.1537,11.8333,-0.5376,0,1,0,0,0,0
01-01-2017,54.58,52.5,105.2,68.0474,621.4,73.66,57.34,53.31,49.52,44.95,51.97,49.78,102.18,85.75,67.8052,66.7415,587.4,551.9,67.74,67.74,53.34,53.34,50.8733,96.7667,67.8307,49.0917,96.5567,2.3823,1.0198,2.9556,0.3572,5.7882,8.7393,7.4991,0,1,3714.0271,57.4182,2.08,71.5859,5.9769,23.1667,-0.4187,0,0,0,1,0,0
01-02-2017,54.87,53.47,114.21,66.9726,621.4,73.66,57.34,54.58,44.73,45.84,52.5,45.66,105.2,82.92,68.0474,67.6395,621.4,551.9,73.66,67.74,57.34,53.34,54.2533,107.1967,67.6084,50.5967,99.135,0.5313,1.8476,8.5646,-1.5795,0,0,0,0,1,3674.7866,62.667,1.4,76.4894,5.9137,23.1667,-0.1576,0,0,0,0,0,0
01-03-2017,51.59,49.33,96.64,65.8009,652.4,73.66,57.34,54.87,53.31,46.57,53.47,51.97,114.21,102.18,66.9726,67.8052,621.4,587.4,73.66,67.74,57.34,53.34,53.68,105.35,66.9403,51.4333,97.8167,-5.9778,-7.7427,-15.3839,-1.7495,4.9887,0,0,0,0,3394.6684,49.8566,2.26,63.59,5.2034,21.6667,-0.7421,0,0,0,0,0,0
01-04-2017,52.31,51.06,119.46,64.536,652.4,73.66,57.34,51.59,54.58,49.52,49.33,52.5,96.64,105.2,65.8009,68.0474,652.4,621.4,73.66,73.66,57.34,57.34,52.9233,110.1033,65.7698,51.8983,103.435,1.3956,3.507,23.6134,-1.9223,0,0,0,0,1,3375.8782,62.4895,1.25,77.0947,5.1746,10.3333,-0.0791,0,0,0,0,0,0
01-05-2017,50.33,48.48,102.58,64.4195,652.4,73.66,57.34,52.31,54.87,44.73,51.06,53.47,119.46,114.21,64.536,66.9726,652.4,621.4,73.66,73.66,57.34,57.34,51.41,106.2267,64.9188,52.8317,106.7117,-3.7851,-5.0529,-14.1303,-0.1805,0,0,0,0,1,3242.2334,51.6285,1.85,66.0815,4.9697,10.3333,-0.6125,0,0,0,0,0,0
01-06-2017,46.37,45.18,126.79,64.4482,663.4,73.66,57.34,50.33,51.59,53.31,48.48,49.33,102.58,96.64,64.4195,65.8009,652.4,652.4,73.66,73.66,57.34,57.34,49.67,116.2767,64.4679,51.675,110.8133,-7.8681,-6.8069,23.6011,0.0446,1.6861,0,0,0,1,2988.463,58.7925,1.19,81.7139,4.5048,3.6667,-0.0628,0,0,0,0,0,0
01-07-2017,48.48,46.63,102.81,64.424,663.4,73.66,57.34,46.37,52.31,54.58,45.18,51.06,126.79,119.46,64.4482,64.536,663.4,652.4,73.66,73.66,57.34,57.34,48.3933,110.7267,64.4306,50.6583,110.415,4.5504,3.2094,-18.9132,-0.0375,0,0,0,0,1,3123.2755,49.8423,1.85,66.2343,4.708,3.6667,-0.6649,0,0,0,0,0,0
01-08-2017,51.7,48.04,138.53,63.9683,696.9,73.66,57.34,48.48,50.33,54.87,46.63,48.48,102.81,102.58,64.424,64.4195,663.4,652.4,73.66,73.66,57.34,57.34,48.85,122.71,64.2802,50.13,114.4683,6.6419,3.0238,34.7437,-0.7073,5.0497,0,0,0,1,3307.1611,71.62,3.66,88.6153,4.7455,14.8333,0.4401,0,0,0,0,0,0
01-09-2017,56.15,49.82,115.53,64.4775,719.9,73.66,57.34,51.7,46.37,51.59,48.04,45.18,138.53,126.79,63.9683,64.4482,696.9,663.4,73.66,73.66,57.34,57.34,52.11,118.9567,64.2899,50.89,117.6167,8.6074,3.7052,-16.6029,0.796,3.3003,0,0,0,1,3620.4116,64.8701,6.33,74.4909,5.029,18.8333,-0.0883,0,0,0,0,0,0
01-10-2017,57.51,51.58,91.46,65.0357,719.9,73.66,57.34,56.15,48.48,52.31,49.82,46.63,115.53,102.81,64.4775,64.424,719.9,663.4,73.66,73.66,57.34,57.34,55.12,115.1733,64.4938,51.7567,112.95,2.4221,3.5327,-20.8344,0.8657,0,0,0,0,0,3740.2031,52.5986,5.93,59.4817,5.1954,18.8333,-0.733,0,0,0,0,0,0
01-11-2017,62.71,56.64,92.6,64.8435,739.4,73.66,57.34,57.51,51.7,50.33,51.58,48.04,91.46,138.53,65.0357,63.9683,719.9,696.9,73.66,73.66,57.34,57.34,58.79,99.8633,64.7856,53.82,111.2867,9.0419,9.81,1.2464,-0.2955,2.7087,0,0,0,0,4066.3359,58.0695,6.07,60.0451,5.4995,14.1667,-0.589,0,0,0,0,0,0
01-12-2017,64.37,57.88,82.72,64.2445,750.9,73.66,57.34,62.71,56.15,46.37,56.64,49.82,92.6,115.53,64.8435,64.4775,739.4,719.9,73.66,73.66,57.34,57.34,61.53,88.9267,64.7079,56.82,103.9417,2.6471,2.1893,-10.6695,-0.9238,1.5553,0,0,0,0,4135.4185,53.2469,6.49,53.1431,5.5073,10.3333,-0.8352,0,0,0,0,0,0
01-01-2018,69.08,63.7,92.43,63.6452,750.9,77.7,64.09,64.37,57.51,48.48,57.88,51.58,82.72,91.46,64.2445,65.0357,750.9,719.9,73.66,73.66,57.34,57.34,65.3867,89.25,64.2444,60.2533,102.2117,7.3171,10.0553,11.7384,-0.9328,0,5.4847,11.7719,0,0,4396.6104,63.8506,5.38,58.8273,5.8551,10.3333,-0.4797,0,0,0,1,1,0
01-02-2018,65.32,62.23,64.49,64.43,758.4,77.7,64.09,69.08,62.71,51.7,63.7,56.64,92.43,92.6,63.6452,64.8435,750.9,739.4,77.7,73.66,64.09,57.34,66.2567,79.88,64.1066,62.5233,89.8717,-5.443,-2.3077,-30.2283,1.2331,0.9988,0,0,0,0,4208.5676,42.1249,3.09,41.5509,5.5493,6.3333,-1.3307,0,0,0,0,0,0
01-03-2018,66.02,62.73,111.96,65.0455,772.4,77.7,64.09,65.32,64.37,56.15,62.23,57.88,64.49,82.72,64.43,64.2445,758.4,750.9,77.7,73.66,64.09,57.34,66.8067,89.6267,64.3736,64.1683,89.2767,1.0716,0.8035,73.6083,0.9553,1.846,0,0,0,1,4294.3039,73.916,3.29,72.8249,5.5597,7.1667,0.0179,0,0,0,0,0,0
01-04-2018,72.11,66.25,123.26,65.6729,772.4,77.7,64.09,66.02,69.08,57.51,62.73,63.7,111.96,92.43,65.0455,63.6452,772.4,750.9,77.7,77.7,64.09,64.09,67.8167,99.9033,65.0495,66.6017,94.5767,9.2245,5.6114,10.0929,0.9646,0,0,0,0,1,4735.6728,88.8828,5.86,80.9484,6.1311,7.1667,0.4352,0,0,0,0,0,0
01-05-2018,76.98,69.98,125.67,67.51,785.4,81.7,67.3,72.11,65.32,62.71,66.25,62.23,123.26,64.49,65.6729,64.43,772.4,758.4,77.7,77.7,64.09,64.09,71.7033,120.2967,66.0761,68.98,100.0883,6.7536,5.6302,1.9552,2.7973,1.6831,5.148,5.0086,1,1,5196.9198,96.7408,7,84.8398,6.6169,9,0.5711,0,0,0,1,0,0
01-06-2018,74.41,67.87,103.97,67.79,785.4,81.7,67.3,76.98,66.02,64.37,69.98,62.73,125.67,111.96,67.51,65.0455,785.4,772.4,81.7,77.7,67.3,64.09,74.5,117.6333,66.991,70.6533,103.63,-3.3385,-3.0151,-17.2674,0.4148,0,0,0,1,1,5044.2539,77.3641,6.54,70.4813,6.4225,4.3333,-0.0745,0,0,0,0,0,0
01-07-2018,74.25,70.98,110.03,68.6867,812.4,81.7,67.3,74.41,72.11,69.08,67.87,66.25,103.97,123.26,67.79,65.6729,785.4,772.4,81.7,77.7,67.3,64.09,75.2133,113.2233,67.9956,71.515,106.5633,-0.215,4.5823,5.8286,1.3228,3.4377,0,0,0,1,5099.9875,81.6973,3.27,75.576,6.2777,13.3333,0.0939,0,0,0,0,0,0
01-08-2018,72.53,68.06,112.74,69.6317,812.4,81.7,67.3,74.25,76.98,65.32,70.98,69.98,110.03,125.67,68.6867,67.51,812.4,785.4,81.7,81.7,67.3,67.3,73.73,108.9133,68.7028,72.7167,114.605,-2.3165,-4.1138,2.463,1.3758,0,0,0,0,1,5050.3872,81.7703,4.47,78.5028,6.2166,9,0.1453,0,0,0,0,0,0
01-09-2018,78.89,70.23,75.05,72.2779,829.4,86.11,72,72.53,74.41,66.02,68.06,67.87,112.74,103.97,69.6317,67.79,812.4,785.4,81.7,81.7,67.3,67.3,75.2233,99.2733,70.1988,74.8617,108.4533,8.7688,3.1884,-33.4309,3.8003,2.0926,5.3978,6.9837,0,0,5702.0035,59.2069,8.66,54.2446,6.8749,14.6667,-0.8292,0,0,0,1,0,1
01-10-2018,81.03,70.75,92.02,73.5609,829.4,82.1,69,78.89,74.25,72.11,70.23,70.98,75.05,110.03,72.2779,68.6867,829.4,812.4,86.11,81.7,72,67.3,77.4833,93.27,71.8235,76.3483,103.2467,2.7126,0.7404,22.6116,1.7751,0,-4.6568,-4.1667,0,0,5960.6397,74.5638,10.28,67.6907,7.1867,5.6667,-0.3256,0,0,0,0,0,0
01-11-2018,64.75,56.96,80.41,71.738,812.4,80.94,68,81.03,72.53,76.98,70.75,68.06,92.02,112.74,73.5609,69.6317,829.4,812.4,82.1,81.7,69,67.3,74.89,82.4933,72.5256,74.31,95.7033,-20.0913,-19.4912,-12.6168,-2.4781,-2.0497,-1.4129,-1.4493,0,0,4645.0355,52.0655,7.79,57.6845,5.7177,0,-0.8931,0,1,0,0,0,0
01-12-2018,57.36,49.52,90.61,70.8331,812.9,80.94,68,64.75,78.89,74.41,56.96,70.23,80.41,75.05,71.738,72.2779,812.4,829.4,80.94,86.11,68,72,67.7133,87.68,72.044,71.4683,93.4767,-11.4131,-13.0618,12.685,-1.2614,0.0615,0,0,0,0,4062.9866,51.9739,7.84,64.1819,4.9981,-5.5,-0.7605,0,0,0,0,0,0
01-01-2019,59.41,51.38,87.42,70.71,748.4,77.63,66.3,57.36,81.03,74.25,49.52,70.75,90.61,92.02,70.8331,73.5609,812.9,829.4,80.94,82.1,68,69,60.5067,86.1467,71.0937,68.995,89.7083,3.5739,3.7561,-3.5206,-0.1738,-7.9346,-4.0894,-2.5,0,0,4200.8811,51.9362,8.03,61.8147,5.6131,-27,-0.8036,0,0,0,0,0,0
01-02-2019,63.96,54.95,96.8,71.1739,748.4,77.63,66.3,59.41,64.75,72.53,51.38,56.96,87.42,80.41,70.71,71.738,748.4,812.4,77.63,80.94,66.3,68,60.2433,91.61,70.9057,67.5667,87.0517,7.6586,6.9482,10.7298,0.6561,0,0,0,0,0,4552.2826,61.9133,9.01,68.8963,6.0827,-21.3333,-0.4466,0,0,0,0,0,0
01-03-2019,66.14,58.15,82.33,69.4895,738.4,77.63,66.3,63.96,57.36,78.89,54.95,49.52,96.8,90.61,71.1739,70.8331,748.4,812.9,77.63,80.94,66.3,68,63.17,88.85,70.4578,65.4417,88.265,3.4084,5.8235,-14.9483,-2.3666,-1.3362,0,0,0,0,4596.0355,54.4531,7.99,57.2107,6.2243,-24.8333,-0.8139,0,0,0,0,0,0
01-04-2019,71.23,63.86,79.25,69.4068,719.4,77.63,66.3,66.14,59.41,81.03,58.15,51.38,82.33,87.42,69.4895,70.71,738.4,748.4,77.63,77.63,66.3,66.3,67.11,86.1267,70.0234,63.8083,86.1367,7.6958,9.8194,-3.741,-0.119,-2.5731,0,0,0,0,4943.8464,56.4498,7.37,55.0049,6.8722,-9.6667,-0.8167,0,0,0,0,0,0
01-05-2019,71.32,60.83,106.47,69.7827,701.9,77.63,66.3,71.23,63.96,64.75,63.86,54.95,79.25,96.8,69.4068,71.1739,719.4,748.4,77.63,77.63,66.3,66.3,69.5633,89.35,69.5597,64.9033,90.48,0.1264,-4.7448,34.347,0.5416,-2.4326,0,0,1,1,4976.9022,75.9344,10.49,74.2976,7.0906,-15.5,-0.0493,0,0,0,0,0,0
01-06-2019,64.22,54.66,106.59,69.388,698.4,77.63,66.3,71.32,66.14,57.36,60.83,58.15,106.47,82.33,69.7827,69.4895,701.9,738.4,77.63,77.63,66.3,66.3,68.9233,97.4367,69.5258,66.0467,93.1433,-9.9551,-10.143,0.1127,-0.5656,-0.4986,0,0,1,1,4456.0974,68.4521,9.56,73.9607,6.3804,-13.3333,-0.1662,0,0,0,0,0,0
01-07-2019,63.92,57.35,93.52,68.7391,640.9,77.63,66.3,64.22,71.23,59.41,54.66,63.86,106.59,79.25,69.388,69.4068,698.4,719.4,77.63,77.63,66.3,66.3,66.4867,102.1933,69.3033,66.7983,94.16,-0.4671,4.9213,-12.2619,-0.9352,-8.2331,0,0,0,0,4393.8033,59.778,6.57,64.2848,6.8557,-26.1667,-0.5397,0,0,0,0,0,0
01-08-2019,59.04,54.81,103.4,71.1891,640.9,77.63,66.3,63.92,71.32,63.96,57.35,60.83,93.52,106.47,68.7391,69.7827,640.9,701.9,77.63,77.63,66.3,66.3,62.3933,101.17,69.7721,65.9783,95.26,-7.6345,-4.4289,10.5646,3.5642,0,0,0,0,1,4203.0045,61.0474,4.23,73.6095,6.558,-20.3333,-0.362,0,0,0,0,0,1
01-09-2019,62.83,56.95,90.37,71.311,640.9,77.63,66.3,59.04,64.22,66.14,54.81,54.66,103.4,106.59,71.1891,69.388,640.9,698.4,77.63,77.63,66.3,66.3,61.93,95.7633,70.4131,65.4267,96.6,6.4194,3.9044,-12.6015,0.1712,0,0,0,1,0,4480.4701,56.7795,5.88,64.4438,6.9909,-19.1667,-0.6494,0,0,0,0,0,0
01-10-2019,59.71,53.96,97.84,71.0086,652.4,77.63,66.3,62.83,63.92,71.23,56.95,57.35,90.37,93.52,71.311,68.7391,640.9,640.9,77.63,77.63,66.3,66.3,60.5267,97.2033,71.1696,63.5067,99.6983,-4.9658,-5.2502,8.266,-0.4241,1.7944,0,0,0,0,4239.9235,58.4203,5.75,69.4748,6.499,3.8333,-0.5037,0,0,0,0,0,0
01-11-2019,63.21,57.03,73.08,71.4942,698.4,77.63,66.3,59.71,59.04,71.32,53.96,54.81,97.84,103.4,71.0086,71.1891,652.4,640.9,77.63,77.63,66.3,66.3,61.9167,87.0967,71.2713,62.155,94.1333,5.8617,5.6894,-25.3066,0.6839,7.0509,0,0,0,0,4519.1484,46.1939,6.18,52.248,6.4707,19.1667,-1.1286,0,0,0,0,0,0
01-12-2019,67.31,59.88,74.28,71.1567,717.9,77.63,66.3,63.21,62.83,64.22,57.03,56.95,73.08,90.37,71.4942,71.311,698.4,640.9,77.63,77.63,66.3,66.3,63.41,81.7333,71.2198,62.67,88.7483,6.4863,4.9974,1.642,-0.4721,2.7921,0,0,0,0,4789.5575,49.9979,7.43,52.8552,6.6716,25.6667,-1.0201,0,0,0,0,0,0
01-01-2020,63.65,57.52,138.42,71.279,717.9,77.63,66.3,67.31,59.71,63.92,59.88,53.96,74.28,97.84,71.1567,71.0086,717.9,652.4,77.63,77.63,66.3,66.3,64.7233,95.26,71.31,62.625,96.2317,-5.4375,-3.9412,86.3489,0.1719,0,0,0,1,1,4536.9084,88.1043,6.13,98.6644,6.3197,21.8333,0.7188,0,0,0,0,0,0
01-02-2020,55.66,50.54,75.96,71.5295,717.9,77.63,66.3,63.65,63.21,59.04,57.52,57.03,138.42,73.08,71.279,71.4942,717.9,698.4,77.63,77.63,66.3,66.3,62.2067,96.22,71.3217,62.0617,91.6583,-12.553,-12.1349,-45.1235,0.3514,0,0,0,0,0,3981.332,42.2793,5.12,54.3338,5.5458,6.5,-1.2141,0,0,0,0,0,0
01-03-2020,32.01,29.21,81.54,74.5482,717.9,72,63.96,55.66,67.31,62.83,50.54,59.88,75.96,74.28,71.5295,71.1567,717.9,717.9,77.63,77.63,66.3,66.3,50.44,98.64,72.4522,56.925,90.1867,-42.4901,-42.2042,7.346,4.2202,0,-7.2524,-3.5294,0,0,2386.2879,26.101,2.8,60.7866,3.324,0,-2.0871,0,1,0,1,0,1
01-04-2020,18.38,16.55,69.34,76.1682,584.9,72,63.96,32.01,63.65,59.71,29.21,57.52,81.54,138.42,74.5482,71.279,717.9,717.9,72,77.63,63.96,66.3,35.35,75.6133,74.082,50.0367,85.4367,-42.5804,-43.3413,-14.962,2.1731,-18.5263,0,0,0,0,1399.9715,12.7447,1.83,52.815,2.3935,-44.3333,-4.2283,0,1,1,0,0,0
01-05-2020,29.38,28.56,68.51,75.6575,584.9,72,63.96,18.38,55.66,63.21,16.55,50.54,69.34,75.96,76.1682,71.5295,584.9,717.9,72,77.63,63.96,66.3,26.59,73.13,75.458,44.3983,84.675,59.8477,72.568,-1.197,-0.6705,0,0,0,0,0,2222.8173,20.1282,0.82,51.833,3.8003,-44.3333,-2.6709,0,1,0,0,0,0
01-06-2020,40.27,38.31,71.23,75.7077,584.9,84.55,72.04,29.38,32.01,67.31,28.56,29.21,68.51,81.54,75.6575,74.5482,584.9,717.9,72,72,63.96,63.96,29.3433,69.6933,75.8445,39.8917,84.1667,37.066,34.1387,3.9702,0.0664,0,17.4306,12.6329,0,0,3048.7491,28.6843,1.96,53.9266,5.2124,-44.3333,-1.88,0,1,0,1,1,0
01-07-2020,43.24,40.71,66.47,74.9286,597.4,84.55,72.04,40.27,18.38,63.65,38.31,16.55,71.23,69.34,75.7077,76.1682,584.9,584.9,84.55,72,72.04,63.96,37.63,68.7367,75.4313,36.49,72.175,7.3752,6.2647,-6.6826,-1.0291,2.1371,0,0,0,0,3239.9127,28.7416,2.53,49.805,5.4234,4.1667,-1.8816,0,0,0,0,0,0
01-08-2020,44.74,42.34,65.47,74.5657,597.4,84.55,72.04,43.24,29.38,55.66,40.71,28.56,66.47,68.51,74.9286,75.6575,597.4,584.9,84.55,72,72.04,63.96,42.75,67.7233,75.0673,34.67,70.4267,3.469,4.0039,-1.5044,-0.4843,0,0,0,0,0,3336.0694,29.2913,2.4,48.8182,5.5843,4.1667,-1.8496,0,0,0,0,0,0
01-09-2020,40.91,39.63,80.38,73.5233,597.4,84.55,72.04,44.74,40.27,32.01,42.34,38.31,65.47,71.23,74.5657,75.7077,597.4,584.9,84.55,84.55,72.04,72.04,42.9633,70.7733,74.3392,36.1533,70.2333,-8.5606,-6.4006,22.7738,-1.398,0,0,0,0,0,3007.8382,32.8835,1.28,59.098,5.0349,4.1667,-1.5924,0,0,0,0,0,0
01-10-2020,40.19,39.4,76.08,73.5648,597.4,84.55,72.04,40.91,43.24,18.38,39.63,40.71,80.38,66.47,73.5233,74.9286,597.4,597.4,84.55,84.55,72.04,72.04,41.9467,73.9767,73.8846,39.7883,71.3567,-1.76,-0.5804,-5.3496,0.0564,0,0,0,0,0,2956.5693,30.5766,0.79,55.9681,4.9491,0,-1.7474,0,0,0,0,0,0
01-11-2020,42.69,40.94,70.07,74.2311,597.4,84.55,72.04,40.19,44.74,29.38,39.4,42.34,76.08,65.47,73.5648,74.5657,597.4,597.4,84.55,84.55,72.04,72.04,41.2633,75.51,73.7731,42.0067,71.6167,6.2205,3.9086,-7.8996,0.9057,0,0,0,0,0,3168.9257,29.9129,1.75,52.0137,5.3045,0,-1.8034,0,0,0,0,0,0
01-12-2020,49.99,47.02,64.07,73.6195,597.4,84.55,72.04,42.69,40.91,40.27,40.94,39.63,70.07,80.38,74.2311,73.5233,597.4,597.4,84.55,84.55,72.04,72.04,44.29,70.0733,73.8051,43.6267,70.4233,17.1,14.851,-8.5629,-0.8239,0,0,0,0,0,3680.2388,32.0286,2.97,47.168,6.1604,0,-1.7069,0,0,0,0,0,0
01-01-2021,54.77,52,77.42,73.1106,697.4,84.55,72.04,49.99,40.19,43.24,47.02,39.4,64.07,76.08,73.6195,73.5648,597.4,597.4,84.55,84.55,72.04,72.04,49.15,70.52,73.6537,45.5483,72.2483,9.5619,10.5912,20.8366,-0.6913,16.7392,0,0,0,0,4004.2676,42.4029,2.77,56.6022,5.7417,33.3333,-1.1957,0,0,1,0,0,0
01-02-2021,62.28,59.04,73.96,72.8053,722.4,84.55,72.04,54.77,42.69,44.74,52,40.94,77.42,70.07,73.1106,74.2311,697.4,597.4,84.55,84.55,72.04,72.04,55.68,71.8167,73.1785,48.4717,73.6633,13.7119,13.5385,-4.4691,-0.4176,3.5847,0,0,0,0,4534.3141,46.0623,3.24,53.8468,6.2767,41.6667,-1.1222,0,0,0,0,0,0
01-03-2021,65.41,62.33,78.62,72.8196,812.4,100.34,88.04,62.28,49.99,40.91,59.04,47.02,73.96,64.07,72.8053,73.6195,722.4,597.4,84.55,84.55,72.04,72.04,60.82,76.6667,72.9118,52.555,73.37,5.0257,5.5725,6.3007,0.0196,12.4585,18.6753,22.2099,0,0,4763.13,51.4253,3.08,57.2508,5.863,71.6667,-0.9314,0,0,1,1,1,0
01-04-2021,64.81,61.72,88.17,74.5186,812.4,100.34,88.04,65.41,54.77,40.19,62.33,52,78.62,77.42,72.8196,73.1106,812.4,697.4,100.34,84.55,88.04,72.04,64.1667,80.25,73.3812,56.6583,75.385,-0.9173,-0.9787,12.147,2.3332,0,0,0,0,0,4829.5505,57.143,3.09,65.703,5.9448,38.3333,-0.6736,0,0,0,0,0,0
01-05-2021,68.53,65.17,93.01,73.2065,812.4,100.34,88.04,64.81,62.28,42.69,61.72,59.04,88.17,73.96,74.5186,72.8053,812.4,722.4,100.34,84.55,88.04,72.04,66.25,86.6,73.5149,60.965,79.2083,5.7399,5.5898,5.4894,-1.7608,0,0,0,0,0,5016.8414,63.7398,3.36,68.0894,6.1753,30,-0.4724,0,0,0,0,0,0
01-06-2021,73.16,71.38,74.13,73.5782,837.9,100.34,88.04,68.53,65.41,49.99,65.17,62.33,93.01,78.62,73.2065,72.8196,812.4,812.4,100.34,100.34,88.04,88.04,68.8333,85.1033,73.7678,64.8267,80.885,6.7562,9.5289,-20.2989,0.5077,3.1388,0,0,0,0,5382.9811,54.2335,1.78,54.5435,6.4244,8.5,-0.9321,0,0,0,0,0,0
01-07-2021,75.17,72.49,58.42,74.539,837.9,100.34,88.04,73.16,64.81,54.77,71.38,61.72,74.13,88.17,73.5782,74.5186,837.9,812.4,100.34,100.34,88.04,88.04,72.2867,75.1867,73.7746,68.2267,77.7183,2.7474,1.5551,-21.1925,1.3058,0,0,0,0,0,5603.0966,43.9143,2.68,43.5457,6.6871,8.5,-1.3459,0,0,0,0,0,0
01-08-2021,70.75,67.73,89.49,74.1155,837.9,100.34,88.04,75.17,68.53,62.28,72.49,65.17,58.42,93.01,74.539,73.2065,837.9,812.4,100.34,100.34,88.04,88.04,73.0267,74.0133,74.0776,69.6383,80.3067,-5.88,-6.5664,53.1838,-0.5682,0,0,0,0,0,5243.6716,63.3142,3.02,66.326,6.2581,8.5,-0.5359,0,0,0,0,0,0
01-09-2021,74.49,71.65,80.7,73.6357,887.9,100.34,88.04,70.75,73.16,65.41,67.73,71.38,89.49,74.13,74.1155,73.5782,837.9,837.9,100.34,100.34,88.04,88.04,73.47,76.2033,74.0967,71.1517,80.6533,5.2862,5.7877,-9.8223,-0.6474,5.9673,0,0,0,0,5485.1233,60.1134,2.84,59.424,6.1776,16.6667,-0.7282,0,0,0,0,0,0
01-10-2021,83.54,81.48,79.03,74.92,902.9,100.34,88.04,74.49,75.17,64.81,71.65,72.49,80.7,58.42,73.6357,74.539,887.9,837.9,100.34,100.34,88.04,88.04,76.26,83.0733,74.2237,74.2733,79.13,12.1493,13.7195,-2.0694,1.7441,1.6894,0,0,0,0,6258.8168,66.0217,2.06,59.2093,6.9319,21.6667,-0.6624,0,0,0,0,0,0
01-11-2021,81.05,79.15,86.57,74.477,902.9,100.34,88.04,83.54,70.75,68.53,81.48,67.73,79.03,89.49,74.92,74.1155,902.9,837.9,100.34,100.34,88.04,88.04,79.6933,82.1,74.3442,76.36,78.0567,-2.9806,-2.8596,9.5407,-0.5913,0,0,0,0,0,6036.3608,70.165,1.9,64.4747,6.6855,21.6667,-0.4787,0,0,0,0,0,0
01-12-2021,74.17,71.71,105.35,75.3948,902.9,100.34,88.04,81.05,74.49,73.16,79.15,71.65,86.57,80.7,74.477,73.6357,902.9,887.9,100.34,100.34,88.04,88.04,79.5867,90.3167,74.9306,76.5283,83.26,-8.4886,-9.3999,21.6934,1.2323,0,0,0,0,1,5592.0323,78.1381,2.46,79.4284,6.1934,5,-0.039,0,0,0,0,0,0
01-01-2022,86.51,83.22,138.67,74.4075,902.9,100.26,88.04,74.17,83.54,75.17,71.71,81.48,105.35,79.03,75.3948,74.92,902.9,902.9,100.34,100.34,88.04,88.04,80.5767,110.1967,74.7598,78.4183,96.635,16.6375,16.0508,31.6279,-1.3095,0,-0.0797,0,0,1,6436.9928,119.9634,3.29,103.1809,7.1292,0,1.048,0,0,0,0,0,0
01-02-2022,97.13,91.64,216.16,74.9695,902.9,100.26,88.04,86.51,81.05,70.75,83.22,79.15,138.67,86.57,74.4075,74.477,902.9,902.9,100.26,100.34,88.04,88.04,85.9367,153.3933,74.9239,82.815,117.7467,12.276,10.1178,55.8809,0.7553,0,0,0,1,3,7281.7875,209.9562,5.49,162.0541,8.0649,0,3.327,1,0,0,0,0,0
01-03-2022,117.25,108.5,318.95,76.1896,952.9,100.26,88.04,97.13,74.17,74.49,91.64,71.71,216.16,105.35,74.9695,75.3948,902.9,902.9,100.26,100.34,88.04,88.04,100.2967,224.5933,75.1889,89.9417,157.455,20.7145,18.3981,47.5527,1.6275,5.5377,0,0,1,3,8933.2306,373.9689,8.75,243.0067,9.3748,16.6667,6.3571,1,1,0,0,0,0
01-04-2022,104.58,101.78,191.14,76.1719,1002.9,100.26,88.04,117.25,86.51,83.54,108.5,83.22,318.95,138.67,76.1896,74.4075,952.9,902.9,100.26,100.26,88.04,88.04,106.32,242.0833,75.777,93.4483,176.14,-10.806,-6.1935,-40.0721,-0.0232,5.2471,0,0,1,2,7966.0573,199.8942,2.8,145.595,7.943,33.3333,2.6797,1,0,0,0,0,0
01-05-2022,113.34,109.55,142.26,77.2933,1002.9,100.26,88.04,104.58,97.13,81.05,101.78,91.64,191.14,216.16,76.1719,74.9695,1002.9,902.9,100.26,100.26,88.04,88.04,111.7233,217.45,76.5516,98.83,185.4217,8.3764,7.6341,-25.5729,1.4722,0,0,0,0,1,8760.4226,161.2375,3.79,109.9574,8.7351,33.3333,1.3614,0,0,0,0,0,0
01-06-2022,122.71,114.84,130.71,78.09,1006.4,100.26,88.04,113.34,117.25,74.17,109.55,108.5,142.26,318.95,77.2933,76.1896,1002.9,952.9,100.26,100.26,88.04,88.04,113.5433,154.7033,77.1851,106.92,189.6483,8.2672,4.8288,-8.1189,1.0307,0.349,0,0,0,1,9582.4239,160.3942,7.87,102.0714,9.5215,17.8333,1.0886,0,0,0,0,0,0
01-07-2022,111.93,101.62,117.18,79.5915,1006.4,100.26,88.04,122.71,104.58,86.51,114.84,101.78,130.71,191.14,78.09,76.1719,1006.4,1002.9,100.26,100.26,88.04,88.04,115.9933,130.05,78.3249,111.1567,186.0667,-8.7849,-11.5117,-10.3512,1.9228,0,0,0,0,1,8908.6766,131.1596,10.31,93.2653,8.852,1.1667,0.6469,0,0,0,0,0,0
01-08-2022,100.45,93.67,132.86,79.5065,1006.4,100.26,88.04,111.93,113.34,97.13,101.62,109.55,117.18,142.26,79.5915,77.2933,1006.4,1002.9,100.26,100.26,88.04,88.04,111.6967,126.9167,79.0627,111.71,172.1833,-10.2564,-7.8233,13.3811,-0.1068,0,0,0,0,1,7986.4279,133.4579,6.78,105.6323,7.9356,1.1667,1.009,0,0,0,0,0,0
01-09-2022,89.76,84.26,131.99,80.2538,906.4,100.26,88.04,100.45,122.71,117.25,93.67,114.84,132.86,130.71,79.5065,78.09,1006.4,1006.4,100.26,100.26,88.04,88.04,100.7133,127.3433,79.7839,107.1283,141.0233,-10.6421,-10.0459,-0.6548,0.9399,-9.9364,0,0,0,1,7203.5811,118.4742,5.5,105.927,7.9475,-33.3333,0.8925,0,0,0,0,0,0
01-10-2022,93.33,87.55,143.16,82.2915,906.4,100.26,88.04,89.76,111.93,104.58,84.26,101.62,131.99,117.18,80.2538,79.5915,906.4,1006.4,100.26,100.26,88.04,88.04,94.5133,136.0033,80.6839,105.2533,133.0267,3.9773,3.9046,8.4628,2.5391,0,0,0,0,1,7680.2657,133.6112,5.78,117.8085,8.4734,-33.3333,1.2399,0,0,0,0,0,0
01-11-2022,91.42,84.37,116.72,81.6805,906.4,100.26,88.04,93.33,100.45,113.34,87.55,93.67,143.16,132.86,82.2915,79.5065,906.4,1006.4,100.26,100.26,88.04,88.04,91.5033,130.6233,81.4086,101.6,128.77,-2.0465,-3.6322,-18.4688,-0.7425,0,0,0,0,1,7467.2313,106.7054,7.05,95.3375,8.2383,-33.3333,0.4784,0,0,0,0,0,0
01-12-2022,80.92,76.44,111.2,82.4738,906.4,100.26,88.04,91.42,89.76,122.71,84.37,84.26,116.72,131.99,81.6805,80.2538,906.4,906.4,100.26,100.26,88.04,88.04,88.5567,123.6933,82.1486,94.635,125.5183,-11.4855,-9.3991,-4.7293,0.9712,0,0,0,0,1,6673.7799,89.983,4.48,91.7109,7.363,0,0.2129,0,0,0,0,0,0
01-01-2023,82.5,78.12,104.27,81.741,906.4,103.26,91.04,80.92,93.33,111.93,76.44,87.55,111.2,143.16,82.4738,82.2915,906.4,906.4,100.26,100.26,88.04,88.04,84.9467,110.73,81.9651,89.73,123.3667,1.9525,2.1978,-6.232,-0.8885,0,2.9922,3.4075,0,1,6743.6325,86.0228,4.38,85.2313,7.44,0,0.0363,0,0,0,0,0,0
01-02-2023,82.59,76.83,120.99,82.5995,906.4,103.26,91.04,82.5,91.42,100.45,78.12,84.37,104.27,116.72,81.741,81.6805,906.4,906.4,103.26,100.26,91.04,88.04,82.0033,112.1533,82.2714,86.7533,121.3883,0.1091,-1.6513,16.0353,1.0503,0,0,0,0,1,6821.8927,99.9256,5.76,99.9371,7.5264,0,0.5079,0,0,0,0,0,0
01-03-2023,78.43,73.28,105.38,82.2665,1110.9,103.26,91.04,82.59,80.92,89.76,76.83,76.44,120.99,111.2,82.5995,82.4738,906.4,906.4,103.26,100.26,91.04,88.04,81.1733,110.2133,82.2023,84.865,116.9533,-5.0369,-4.6206,-12.9019,-0.4032,22.5618,0,0,0,1,6452.1616,82.6495,5.15,86.6924,5.808,68.1667,0.0187,0,0,1,0,0,0
01-04-2023,84.64,79.45,106.81,81.9685,911.7,103.26,91.04,78.43,82.5,93.33,73.28,78.12,105.38,104.27,82.2665,81.741,1110.9,906.4,103.26,103.26,91.04,91.04,81.8867,111.06,82.2782,83.4167,110.895,7.9179,8.4198,1.357,-0.3622,-17.9314,0,0,0,1,6937.8138,90.404,5.19,87.5506,7.6098,1.7667,0.1315,0,0,1,0,0,0
01-05-2023,75.47,71.58,108.47,82.2977,911.7,103.26,91.04,84.64,82.59,91.42,79.45,76.83,106.81,120.99,81.9685,82.5995,911.7,906.4,103.26,103.26,91.04,91.04,79.5133,106.8867,82.1776,80.7583,109.52,-10.8341,-9.9056,1.5542,0.4016,0,0,0,0,1,6211.0074,81.8623,3.89,89.2683,6.8126,1.7667,0.0668,0,0,0,0,0,0
01-06-2023,74.84,70.25,110.53,82.2252,911.7,103.26,91.04,75.47,78.43,80.92,71.58,73.28,108.47,105.38,82.2977,82.2665,911.7,1110.9,103.26,103.26,91.04,91.04,78.3167,108.6033,82.1638,79.745,109.4083,-0.8348,-1.8581,1.8991,-0.0881,0,0,0,0,1,6153.734,82.7207,4.59,90.8835,6.7497,-66.4,0.1162,0,0,0,0,0,0
01-07-2023,80.11,76.07,107.45,82.1565,911.7,103.26,91.04,74.84,84.64,82.5,70.25,79.45,110.53,106.81,82.2252,81.9685,911.7,911.7,103.26,103.26,91.04,91.04,76.8067,108.8167,82.2265,79.3467,109.9383,7.0417,8.2847,-2.7866,-0.0836,0,0,0,0,1,6581.5572,86.0782,4.04,88.2772,7.219,0,0.0977,0,0,0,0,0,0
01-08-2023,86.15,81.39,101.14,82.8122,911.7,103.26,91.04,80.11,75.47,82.59,76.07,71.58,107.45,108.47,82.1565,82.2977,911.7,911.7,103.26,103.26,91.04,91.04,80.3667,106.3733,82.398,79.94,106.63,7.5396,6.9936,-5.8725,0.7981,0,0,0,0,1,7134.271,87.1321,4.76,83.7563,7.8252,0,-0.012,0,0,0,0,0,0
01-09-2023,93.72,89.43,98.63,83.07,911.7,103.26,91.04,86.15,74.84,78.43,81.39,70.25,101.14,110.53,82.8122,82.2252,911.7,911.7,103.26,103.26,91.04,91.04,86.66,102.4067,82.6796,82.4883,105.505,8.787,9.8784,-2.4817,0.3113,0,0,0,0,0,7785.3204,92.436,4.29,81.9319,8.5393,0,-0.0099,0,0,0,0,0,0
01-10-2023,90.6,85.64,197.89,83.2162,911.7,103.26,91.04,93.72,80.11,84.64,89.43,76.07,98.63,107.45,83.07,82.1565,911.7,911.7,103.26,103.26,91.04,91.04,90.1567,132.5533,83.0328,83.4817,120.685,-3.3291,-4.238,100.6388,0.176,0,0,0,1,2,7539.3877,179.2883,4.96,164.6765,8.2696,0,2.7552,1,0,0,0,0,0
01-11-2023,82.94,77.69,156.7,83.266,911.7,103.26,91.04,90.6,86.15,75.47,85.64,81.39,197.89,101.14,83.2162,82.8122,911.7,911.7,103.26,103.26,91.04,91.04,89.0867,151.0733,83.1841,84.7267,128.7233,-8.4547,-9.283,-20.8146,0.0598,0,0,0,1,2,6906.082,129.967,5.25,130.4778,7.575,0,1.5169,1,0,0,0,0,0
01-12-2023,77.63,71.9,142.28,83.254,911.7,103.26,91.04,82.94,93.72,74.84,77.69,89.43,156.7,98.63,83.266,83.07,911.7,911.7,103.26,103.26,91.04,91.04,83.7233,165.6233,83.2454,85.1917,134.015,-6.4022,-7.4527,-9.2023,-0.0144,0,0,0,1,1,6463.008,110.452,5.73,118.4538,7.089,0,1.047,0,0,0,0,0,0
01-01-2024,80.12,74.15,160.37,83.1119,911.7,105.26,92.04,77.63,90.6,80.11,71.9,85.64,142.28,197.89,83.254,83.2162,911.7,911.7,103.26,103.26,91.04,91.04,80.23,153.1167,83.2106,85.1933,142.835,3.2075,3.1293,12.7144,-0.1707,0,1.9369,1.0984,1,2,6658.9254,128.4884,5.97,133.2866,7.3039,0,1.5872,1,0,0,0,0,0
01-02-2024,83.48,77.25,146.6,82.9485,911.7,105.26,92.04,80.12,82.94,86.15,74.15,77.69,160.37,156.7,83.1119,83.266,911.7,911.7,105.26,103.26,92.04,91.04,80.41,149.75,83.1048,84.7483,150.4117,4.1937,4.1807,-8.5864,-0.1966,0,0,0,1,1,6924.5408,122.3817,6.23,121.6025,7.5952,0,1.2386,0,0,0,0,0,0
01-03-2024,85.41,81.28,133.21,83.0214,811.7,105.26,92.04,83.48,77.63,93.72,77.25,71.9,146.6,142.28,82.9485,83.254,911.7,911.7,105.26,103.26,92.04,91.04,83.0033,146.7267,83.0273,83.3633,156.175,2.3119,5.2168,-9.1337,0.0879,-10.9685,0,0,1,1,7090.8578,113.7747,4.13,110.5928,8.7358,-33.3333,0.8828,0,0,1,0,0,0
01-04-2024,89.94,85.35,163.95,83.3968,811.7,105.26,92.04,85.41,80.12,90.6,81.28,74.15,133.21,160.37,83.0214,83.1119,811.7,911.7,105.26,105.26,92.04,92.04,86.2767,147.92,83.1222,83.2533,150.5183,5.3038,5.0074,23.0763,0.4522,0,0,0,1,2,7500.7082,147.4566,4.59,136.7291,9.2407,-33.3333,1.7937,1,0,0,0,0,0
01-05-2024,81.75,80.02,130.52,83.3873,811.7,105.26,92.04,89.94,83.48,82.94,85.35,77.25,163.95,146.6,83.3968,82.9485,811.7,911.7,105.26,105.26,92.04,92.04,85.7,142.56,83.2685,83.055,146.155,-9.1061,-6.2449,-20.3904,-0.0114,0,0,0,1,1,6816.9118,106.7001,1.73,108.8371,8.3983,-33.3333,0.7664,0,0,0,0,0,0
01-06-2024,82.25,79.77,113.09,83.46,811.7,105.26,92.04,81.75,85.41,77.63,80.02,81.28,130.52,133.21,83.3873,83.0214,811.7,811.7,105.26,105.26,92.04,92.04,84.6467,135.8533,83.4147,83.825,141.29,0.6116,-0.3124,-13.3543,0.0872,0,0,0,0,1,6864.585,93.0165,2.48,94.3849,8.457,0,0.2816,0,0,0,0,0,0
01-07-2024,85.15,81.8,92.39,83.5895,811.7,105.26,92.04,82.25,89.94,80.12,79.77,85.35,113.09,163.95,83.46,83.3968,811.7,811.7,105.26,105.26,92.04,92.04,83.05,112,83.4789,84.6633,129.96,3.5258,2.5448,-18.304,0.1552,0,0,0,0,0,7117.6459,78.6701,3.35,77.2283,8.7688,0,-0.2688,0,0,0,0,0,0
01-08-2024,80.36,76.68,140.98,83.8855,811.7,105.26,92.04,85.15,81.75,83.48,81.8,80.02,92.39,130.52,83.5895,83.3873,811.7,811.7,105.26,105.26,92.04,92.04,82.5867,115.4867,83.645,84.1433,129.0233,-5.6254,-6.2592,52.5923,0.3541,0,0,0,0,1,6741.0388,113.2915,3.68,118.2618,8.3048,0,1.0444,0,0,0,0,0,0
01-09-2024,74.02,70.24,130.36,83.791,811.7,105.26,92.04,80.36,82.25,85.41,76.68,79.77,140.98,113.09,83.8855,83.46,811.7,811.7,105.26,105.26,92.04,92.04,79.8433,121.2433,83.7553,82.245,128.5483,-7.8895,-8.3985,-7.533,-0.1127,0,0,0,0,1,6202.2098,96.4925,3.78,109.2299,7.641,0,0.6628,0,0,0,0,0,0
01-10-2024,75.63,71.99,130.69,84.005,811.7,105.26,92.04,74.02,85.15,89.94,70.24,81.8,130.36,92.39,83.791,83.5895,811.7,811.7,105.26,105.26,92.04,92.04,76.67,134.01,83.8938,79.86,123.005,2.1751,2.4915,0.2531,0.2554,0,0,0,0,1,6353.2981,98.8408,3.64,109.7861,7.8272,0,0.6944,0,0,0,0,0,0
01-11-2024,74.35,69.95,128.9,84.3326,811.7,105.26,92.04,75.63,80.36,81.75,71.99,76.68,130.69,140.98,84.005,83.8855,811.7,811.7,105.26,105.26,92.04,92.04,74.6667,129.9833,84.0429,78.6267,122.735,-1.6925,-2.8337,-1.3697,0.39,0,0,0,0,1,6270.1288,95.8372,4.4,108.7047,7.7247,0,0.6263,0,0,0,0,0,0
01-12-2024,73.86,70.12,142.37,84.9686,811.7,105.26,92.04,74.35,74.02,82.25,69.95,70.24,128.9,130.36,84.3326,83.791,811.7,811.7,105.26,105.26,92.04,92.04,74.6133,133.9867,84.4354,77.2283,127.615,-0.659,0.243,10.45,0.7542,0,0,0,0,1,6275.7808,105.1545,3.74,120.9698,7.7317,0,0.9985,0,0,0,0,0,0
01-01-2025,79.27,75.74,113.23,86.2652,811.7,110.26,97.04,73.86,75.63,85.15,70.12,71.99,142.37,130.69,84.9686,84.005,811.7,811.7,105.26,105.26,92.04,92.04,75.8267,128.1667,85.1888,76.2483,131.0883,7.3247,8.0148,-20.4678,1.526,0,4.7501,5.4324,0,1,6838.2424,89.7574,3.53,97.6781,8.4246,0,0.2501,0,0,0,0,0,0
01-02-2025,75.44,71.53,136.97,87.0637,811.7,110.26,97.04,79.27,74.35,80.36,75.74,69.95,113.23,128.9,86.2652,84.3326,811.7,811.7,110.26,105.26,97.04,92.04,76.19,130.8567,86.0992,75.4283,130.42,-4.8316,-5.5585,20.9662,0.9256,0,0,0,0,1,6568.0855,103.3302,3.91,119.2511,8.0918,0,0.8685,0,0,0,0,0,0
01-03-2025,72.73,68.24,173.91,86.5214,811.7,110.26,97.04,75.44,73.86,74.02,71.53,70.12,136.97,142.37,87.0637,84.9686,811.7,811.7,110.26,105.26,97.04,92.04,75.8133,141.37,86.6168,75.2133,137.6783,-3.5923,-4.5995,26.9694,-0.6229,0,0,0,0,2,6292.7014,126.4847,4.49,150.4694,7.7525,0,1.8699,1,0,0,0,0,0
01-04-2025,68.13,63.54,140.97,85.5768,861.7,110.26,97.04,72.73,79.27,75.63,68.24,75.74,173.91,113.23,86.5214,86.2652,811.7,811.7,110.26,110.26,97.04,97.04,72.1,150.6167,86.3873,73.9633,139.3917,-6.3248,-6.8875,-18.9408,-1.0918,6.1599,0,0,0,1,5830.3474,96.0429,4.59,120.6376,6.7661,16.6667,0.8708,0,0,0,0,0,0
01-05-2025,64.45,62.17,165.66,85.2462,861.7,110.26,97.04,68.13,75.44,74.35,63.54,71.53,140.97,136.97,85.5768,87.0637,861.7,811.7,110.26,110.26,97.04,97.04,68.4367,160.18,85.7815,72.3133,145.5183,-5.4014,-2.1561,17.5144,-0.3863,0,0,0,0,2,5494.1176,106.7679,2.28,141.2189,6.3759,16.6667,1.5006,1,0,0,0,0,0
01-06-2025,71.44,68.17,222.38,85.8765,861.7,110.26,97.04,64.45,72.73,73.86,62.17,68.24,165.66,173.91,85.2462,86.5214,861.7,811.7,110.26,110.26,97.04,97.04,68.0067,176.3367,85.5665,71.91,158.8533,10.8456,9.651,34.2388,0.7394,0,0,0,0,3,6135.0172,158.8683,3.27,190.9722,7.1197,16.6667,3.2148,1,0,0,0,0,0
01-07-2025,71.04,68.39,134.02,86.1714,861.7,110.26,97.04,71.44,68.13,79.27,68.17,63.54,222.38,140.97,85.8765,85.5768,861.7,861.7,110.26,110.26,97.04,97.04,68.9767,174.02,85.7647,70.5383,162.3183,-0.5599,0.3227,-39.7338,0.3434,0,0,0,0,1,6121.6163,95.2078,2.65,115.4869,7.1041,0,0.7218,0,0,0,0,0,0
01-08-2025,67.87,64.86,138.56,87.5695,861.7,110.26,97.04,71.04,64.45,75.44,68.39,62.17,134.02,165.66,86.1714,85.2462,861.7,861.7,110.26,110.26,97.04,97.04,70.1167,164.9867,86.5391,69.2767,162.5833,-4.4623,-5.1616,3.3876,1.6225,0,0,0,0,1,5943.342,94.0407,3.01,121.3363,6.8972,0,0.7986,0,0,0,0,0,0
01-09-2025,67.99,63.96,125.87,88.3214,861.7,110.26,97.04,67.87,71.44,72.73,64.86,68.17,138.56,222.38,87.5695,85.8765,861.7,861.7,110.26,110.26,97.04,97.04,68.9667,132.8167,87.3541,68.4867,154.5767,0.1768,-1.3876,-9.1585,0.8586,0,0,0,0,1,6004.972,85.579,4.03,111.1701,6.9688,0,0.4434,0,0,0,0,0,0
01-10-2025,64.54,60.89,154.51,88.3691,861.7,110.26,97.04,67.99,71.04,68.13,63.96,68.39,125.87,134.02,88.3214,86.1714,861.7,861.7,110.26,110.26,97.04,97.04,66.8,139.6467,88.0867,67.8883,156.8333,-5.0743,-4.7999,22.7536,0.054,0,0,0,0,2,5703.3417,99.7208,3.65,136.5391,6.6187,0,1.1885,0,0,0,0,0,0
01-11-2025,63.8,60.06,104.34,88.8444,861.7,110.26,97.04,64.54,67.87,64.45,60.89,64.86,154.51,138.56,88.3691,87.5695,861.7,861.7,110.26,110.26,97.04,97.04,65.4433,128.24,88.5116,67.78,146.6133,-1.1466,-1.3631,-32.4704,0.5379,0,0,0,0,1,5668.2727,66.5689,3.74,92.7002,6.578,0,-0.2375,0,0,0,0,0,0
01-12-2025,62.54,57.97,131.39,90.035,861.7,110.26,97.04,63.8,67.99,71.44,60.06,63.96,104.34,125.87,88.8444,88.3214,861.7,861.7,110.26,110.26,97.04,97.04,63.6267,130.08,89.0828,66.2967,131.4483,-1.9749,-3.4799,25.9249,1.3401,0,0,0,0,1,5630.7889,82.1713,4.57,118.297,6.5345,0,0.4993,0,0,0,0,0,0
01-01-2026,66.6,60.04,167.8,90.9025,861.7,107.26,94.04,62.54,64.54,71.04,57.97,60.89,131.39,154.51,90.035,88.3691,861.7,861.7,110.26,110.26,97.04,97.04,64.3133,134.51,89.9273,65.5567,137.0783,6.4918,3.5708,27.7114,0.9635,0,-2.7208,-3.0915,1,2,6054.1065,111.7548,6.56,152.5344,7.0258,0,1.5997,1,0,0,0,0,0
01-02-2026,70.89,64.51,121.62,90.7458,861.7,107.26,94.04,66.6,63.8,67.87,60.04,60.06,167.8,104.34,90.9025,88.8444,861.7,861.7,107.26,110.26,94.04,97.04,66.6767,140.27,90.5611,66.06,134.255,6.4414,7.445,-27.5209,-0.1724,0,0,0,1,1,6432.9698,86.2164,6.38,110.365,7.4654,0,0.3705,0,0,0,0,0,0
01-03-2026,103.13,91.38,297.27,92.8182,921.7,101.5,90.62,70.89,62.54,67.99,64.51,57.97,121.62,131.39,90.7458,90.035,861.7,861.7,107.26,110.26,94.04,97.04,80.2067,195.5633,91.4888,71.9167,162.8217,45.4789,41.6525,144.4253,2.2837,6.963,-5.3701,-3.6368,1,3,9572.341,306.5746,11.75,275.9207,10.3855,20,5.6563,1,1,0,1,0,0
