date,brent_price,wti_price,usd_rate,GPR,avg_lpg_price,avg_petrol,avg_diesel,brent_lag1,brent_lag3,brent_lag6,wti_lag1,wti_lag3,gpr_lag1,gpr_lag3,usd_rate_lag1,usd_rate_lag3,lpg_price_lag1,lpg_price_lag3,petrol_price_lag1,petrol_price_lag3,diesel_price_lag1,diesel_price_lag3,brent_roll3,gpr_roll3,inr_roll3,brent_roll6,gpr_roll6,brent_pct_change,wti_pct_change,gpr_pct_change,inr_pct_change,lpg_pct_change,petrol_pct_change,diesel_pct_change,conflict_event,risk_level,crude_inr_impact,conflict_crude_index,brent_wti_spread,inr_gpr_stress,crude_inr_normalized,lpg_momentum,conflict_intensity,gpr_outlier,brent_outlier,lpg_price_outlier,petrol_price_outlier,diesel_price_outlier,usd_rate_outlier
2010/07/01,75.58,76.32,46.76,79.38,378.4,54.45,42.32,74.76,84.82,76.17,75.34,84.29,96.45,88.76,46.5,44.44,373.4,363.4,54.37,50.89,42.24,40.04,75.43,88.26,46.34,77.28,84.73,1.1,1.3,-17.7,0.57,1.34,0.15,0.19,0,0,3534.25,60.0,-0.74,37.12,9.34,5.0,-0.81,0,0,0,0,0,0
2010/08/01,77.04,76.6,46.46,80.99,383.4,54.55,39.88,75.58,75.95,73.75,76.32,73.74,79.38,88.96,46.76,45.77,378.4,368.4,54.45,51.44,42.32,40.5,75.79,85.61,46.57,77.83,84.78,1.93,0.37,2.03,-0.64,1.32,0.18,-5.77,0,0,3579.32,62.39,0.44,37.63,9.34,5.0,-0.7,0,0,0,0,0,0
2010/09/01,77.84,75.24,45.87,71.17,388.4,54.77,39.98,77.04,74.76,78.83,76.6,75.34,80.99,96.45,46.46,46.5,383.4,373.4,54.55,54.37,39.88,42.24,76.82,77.18,46.37,77.67,84.28,1.04,-1.78,-12.12,-1.26,1.3,0.4,0.25,0,0,3570.75,55.4,2.6,32.65,9.19,5.0,-0.94,0,0,0,0,0,0
2010/10/01,82.67,81.89,44.35,65.99,393.4,55.47,39.89,77.84,75.58,84.82,75.24,76.32,71.17,79.38,45.87,46.76,388.4,378.4,54.77,54.45,39.98,42.32,79.18,72.72,45.56,77.31,80.49,6.21,8.84,-7.28,-3.31,1.29,1.28,-0.23,0,0,3666.75,54.55,0.78,29.27,9.32,5.0,-0.89,0,0,0,0,0,1
2010/11/01,85.28,84.25,44.93,94.71,398.4,55.78,39.89,82.67,77.04,75.95,81.89,76.6,65.99,80.99,44.35,46.46,393.4,383.4,55.47,54.55,39.89,39.88,81.93,77.29,45.05,78.86,81.45,3.16,2.88,43.52,1.3,1.27,0.56,0.0,0,0,3831.76,80.77,1.03,42.55,9.62,5.0,0.03,0,0,0,0,0,0
2010/12/01,91.45,89.15,45.1,97.2,403.4,59.08,39.89,85.28,77.84,74.76,84.25,75.24,94.71,71.17,44.93,45.87,398.4,388.4,55.78,54.77,39.89,39.98,86.47,85.97,44.8,81.64,81.57,7.23,5.82,2.63,0.38,1.26,5.92,0.0,0,0,4124.4,88.89,2.3,43.84,10.22,5.0,0.36,0,0,0,1,0,0
2011/01/01,96.52,89.17,45.38,79.42,413.4,61.66,39.89,91.45,82.67,75.58,89.15,81.89,97.2,65.99,45.1,44.35,403.4,393.4,59.08,55.47,39.89,39.89,91.08,90.44,45.14,85.13,81.58,5.54,0.02,-18.29,0.61,2.48,4.37,0.0,0,0,4379.6,76.66,7.35,36.04,10.59,6.67,0.07,0,0,0,0,0,0
2011/02/01,103.72,88.58,45.38,90.01,453.4,61.66,39.89,96.52,85.28,77.04,89.17,84.25,79.42,94.71,45.38,44.93,413.4,398.4,61.66,55.78,39.89,39.89,97.23,88.88,45.28,89.58,83.08,7.46,-0.66,13.33,0.01,9.68,0.0,0.0,1,0,4706.76,93.36,15.14,40.85,10.38,18.33,0.67,0,0,0,0,0,0
2011/03/01,114.64,102.86,44.91,136.89,533.4,61.38,39.89,103.72,91.45,77.84,88.58,89.15,90.01,97.2,45.38,45.1,453.4,403.4,61.66,59.08,39.89,39.89,104.96,102.11,45.22,95.71,94.04,10.53,16.12,52.08,-1.03,17.64,-0.45,0.0,1,1,5148.98,156.93,11.78,61.48,9.65,43.33,2.44,0,0,1,0,0,0
2011/04/01,123.26,109.53,44.3,91.02,533.4,61.38,39.89,114.64,96.52,82.67,102.86,89.17,136.89,79.42,44.91,45.38,533.4,413.4,61.38,61.66,39.89,39.89,113.87,105.97,44.86,102.48,98.21,7.52,6.48,-33.51,-1.37,0.0,0.0,0.0,1,0,5460.54,112.19,13.73,40.32,10.24,40.0,1.51,0,0,0,0,0,0
2011/05/01,114.99,100.9,44.9,105.34,563.4,66.49,43.18,123.26,103.72,85.28,109.53,88.58,91.02,90.01,44.3,45.38,533.4,453.4,61.38,61.66,39.89,39.89,117.63,111.08,44.71,107.43,99.98,-6.71,-7.88,15.73,1.36,5.62,8.33,8.25,0,1,5163.33,121.13,14.09,47.3,9.16,36.67,1.57,0,0,0,1,1,0
2011/06/01,113.83,96.26,44.81,84.39,603.4,66.79,43.38,114.99,114.64,91.45,100.9,102.86,105.34,136.89,44.9,44.91,563.4,533.4,66.49,61.38,43.18,39.89,117.36,93.58,44.67,111.16,97.84,-1.01,-4.6,-19.89,-0.2,7.1,0.45,0.46,0,0,5100.82,96.06,17.57,37.82,8.45,23.33,0.93,0,0,0,0,0,0
2011/07/01,116.97,97.3,44.4,78.92,713.4,66.79,43.38,113.83,123.26,96.52,96.26,109.53,84.39,91.02,44.81,44.3,603.4,533.4,66.79,61.38,43.38,39.89,115.26,89.55,44.7,114.57,97.76,2.76,1.08,-6.48,-0.93,18.23,0.0,0.0,0,0,5193.0,92.31,19.67,35.04,7.28,60.0,0.91,0,0,1,0,0,0
2011/08/01,110.22,86.33,45.31,86.95,733.4,70.07,47.16,116.97,114.99,103.72,97.3,100.9,78.92,105.34,44.4,44.9,713.4,563.4,66.79,66.49,43.38,43.18,113.67,83.42,44.84,115.65,97.25,-5.77,-11.27,10.17,2.07,2.8,4.91,8.71,0,0,4994.45,95.84,23.89,39.4,6.81,56.67,0.85,0,0,0,0,1,0
2011/09/01,112.83,85.52,47.69,83.35,733.4,70.07,47.16,110.22,113.83,114.64,86.33,96.26,86.95,84.39,45.31,44.81,733.4,603.4,70.07,66.79,47.16,43.38,113.34,83.07,45.8,115.35,88.33,2.37,-0.94,-4.14,5.25,0.0,0.0,0.0,0,0,5380.92,94.04,27.31,39.75,7.34,43.33,0.86,0,0,0,0,0,1
2011/10/01,109.55,86.32,49.2,76.34,803.4,71.95,48.18,112.83,116.97,123.26,85.52,97.3,83.35,78.92,47.69,44.4,733.4,713.4,70.07,66.79,47.16,43.38,110.87,82.21,47.4,113.06,85.88,-2.91,0.94,-8.41,3.17,9.54,2.68,2.16,0,0,5390.08,83.63,23.23,37.56,6.71,30.0,0.52,0,0,0,0,0,1
2011/11/01,110.77,97.16,50.68,83.16,844.9,69.62,47.68,109.55,110.22,114.99,86.32,86.33,76.34,86.95,49.2,45.31,803.4,733.4,71.95,70.07,48.18,47.16,111.05,80.95,49.19,112.36,82.18,1.11,12.56,8.93,3.0,5.17,-3.24,-1.04,0,0,5613.66,92.12,13.61,42.14,6.64,37.17,0.77,0,0,0,0,0,1
2011/12/01,107.87,98.56,52.38,85.34,880.4,68.82,47.18,110.77,112.83,113.83,97.16,85.52,83.16,83.35,50.68,47.69,844.9,733.4,69.62,70.07,47.68,47.16,109.4,81.61,50.75,111.37,82.34,-2.62,1.44,2.62,3.36,4.2,-1.15,-1.05,0,0,5650.49,92.06,9.31,44.7,6.42,49.0,0.71,0,0,0,0,0,1
2012/01/01,110.69,100.27,51.0,79.63,880.4,68.82,47.18,107.87,109.55,116.97,98.56,86.32,85.34,76.34,52.38,49.2,880.4,803.4,68.82,71.95,47.18,48.18,109.78,82.71,51.35,110.32,82.46,2.61,1.73,-6.69,-2.64,0.0,0.0,0.0,1,0,5645.36,88.14,10.42,40.61,6.41,25.67,0.66,0,0,0,0,0,0
2012/02/01,119.33,102.2,49.18,92.45,880.4,68.82,47.18,110.69,110.77,110.22,100.27,97.16,79.63,83.16,51.0,50.68,880.4,844.9,68.82,69.62,47.18,47.68,112.63,85.81,50.86,111.84,83.38,7.81,1.92,16.1,-3.57,0.0,0.0,0.0,1,0,5868.79,110.32,17.13,45.47,6.67,11.83,1.39,0,0,0,0,0,1
2012/03/01,125.45,106.16,50.36,88.76,880.4,68.82,47.18,119.33,107.87,112.83,102.2,98.56,92.45,85.34,49.18,52.38,880.4,880.4,68.82,68.82,47.18,47.18,118.49,86.95,50.18,113.94,84.28,5.13,3.87,-3.99,2.4,0.0,0.0,0.0,0,0,6318.1,111.35,19.29,44.7,7.18,0.0,1.54,0,0,0,0,0,0
2012/04/01,119.75,103.32,51.69,96.02,903.4,68.82,47.18,125.45,110.69,109.55,106.16,100.27,88.76,79.63,50.36,51.0,880.4,880.4,68.82,68.82,47.18,47.18,121.51,92.41,50.41,115.64,87.56,-4.54,-2.68,8.18,2.63,2.61,0.0,0.0,0,0,6189.88,114.98,16.43,49.63,6.85,7.67,1.5,0,0,0,0,0,0
2012/05/01,110.34,94.66,54.33,78.17,903.4,71.76,49.3,119.75,119.33,110.77,103.32,102.2,96.02,92.45,51.69,49.18,903.4,880.4,68.82,68.82,47.18,47.18,118.51,87.65,52.13,115.57,86.73,-7.86,-8.38,-18.59,5.11,0.0,4.27,4.49,0,0,5994.93,86.25,15.68,42.47,6.64,7.67,0.61,0,0,0,0,0,1
2012/06/01,95.16,82.3,55.94,77.82,922.9,71.76,49.3,110.34,125.45,107.87,94.66,106.16,78.17,88.76,54.33,50.36,903.4,880.4,71.76,68.82,49.3,47.18,108.42,84.0,53.99,113.45,85.47,-13.76,-13.06,-0.45,2.97,2.16,0.0,0.0,0,0,5323.48,74.05,12.86,43.53,5.77,14.17,-0.03,0,0,0,0,0,0
2012/07/01,102.62,87.9,55.42,82.81,922.9,71.76,49.3,95.16,119.75,110.69,82.3,103.32,77.82,96.02,55.94,51.69,922.9,903.4,71.76,68.82,49.3,47.18,102.71,79.6,55.23,112.11,86.0,7.84,6.8,6.41,-0.93,0.0,0.0,0.0,1,0,5687.69,84.98,14.72,45.9,6.16,6.5,0.42,0,0,0,0,0,0
2012/08/01,113.36,94.13,55.49,74.88,922.9,71.76,49.3,102.62,110.34,119.33,87.9,94.66,82.81,78.17,55.42,54.33,922.9,903.4,71.76,71.76,49.3,49.3,103.71,78.5,55.62,111.11,83.08,10.47,7.09,-9.58,0.12,0.0,0.0,0.0,0,0,6290.74,84.88,19.23,41.55,6.82,6.5,0.64,0,0,0,0,0,0
2012/09/01,112.86,94.51,54.35,69.28,922.9,71.76,49.3,113.36,95.16,125.45,94.13,82.3,74.88,77.82,55.49,55.94,922.9,922.9,71.76,71.76,49.3,49.3,109.61,75.66,55.09,109.01,79.83,-0.44,0.4,-7.48,-2.06,0.0,0.0,0.0,0,0,6133.94,78.19,18.35,37.65,6.65,0.0,0.46,0,0,0,0,0,0
2012/10/01,111.71,89.49,53.1,81.66,922.9,71.76,49.3,112.86,102.62,119.75,94.51,87.9,69.28,82.81,54.35,55.42,922.9,922.9,71.76,71.76,49.3,49.3,112.64,75.27,54.31,107.68,77.44,-1.02,-5.31,17.87,-2.3,0.0,0.0,0.0,0,0,5931.75,91.22,22.22,43.36,6.43,0.0,0.76,0,0,0,0,0,0
2012/11/01,109.06,86.53,54.78,81.39,925.4,71.76,49.3,111.71,113.36,110.34,89.49,94.13,81.66,74.88,53.1,55.49,922.9,922.9,71.76,71.76,49.3,49.3,111.21,77.44,54.08,107.46,77.97,-2.37,-3.31,-0.33,3.17,0.27,0.0,0.0,0,0,5974.8,88.76,22.53,44.59,6.46,0.83,0.65,0,0,0,0,0,1
2012/12/01,109.49,87.86,54.65,74.83,925.4,71.76,49.3,109.06,112.86,95.16,86.53,94.51,81.39,69.28,54.78,54.35,925.4,922.9,71.76,71.76,49.3,49.3,110.09,79.29,54.18,109.85,77.48,0.39,1.54,-8.06,-0.25,0.0,0.0,0.0,0,0,5983.3,81.93,21.63,40.89,6.47,0.83,0.48,0,0,0,0,0,0
2013/01/01,112.96,94.76,54.23,90.66,925.4,71.76,49.3,109.49,111.71,102.62,87.86,89.49,74.83,81.66,54.65,53.1,925.4,922.9,71.76,71.76,49.3,49.3,110.5,82.29,54.55,111.57,78.78,3.17,7.85,21.15,-0.76,0.0,0.0,0.0,0,0,6125.71,102.41,18.2,49.16,6.62,0.83,1.07,0,0,0,0,0,0
2013/02/01,116.05,95.31,53.81,81.59,925.4,71.76,49.3,112.96,109.06,113.36,94.76,86.53,90.66,81.39,54.23,54.78,925.4,925.4,71.76,71.76,49.3,49.3,112.83,82.36,54.23,112.02,79.9,2.74,0.58,-10.0,-0.78,0.0,0.0,0.0,0,0,6244.41,94.69,20.74,43.9,6.75,0.0,0.94,0,0,0,0,0,0
2013/03/01,108.47,92.94,54.42,75.9,973.4,69.26,50.23,116.05,109.49,112.86,95.31,87.86,81.59,74.83,53.81,54.65,925.4,925.4,71.76,71.76,49.3,49.3,112.49,82.72,54.15,111.29,81.01,-6.53,-2.49,-6.97,1.14,5.19,-3.48,1.89,0,0,5903.25,82.33,15.53,41.31,6.06,16.0,0.47,0,0,0,0,0,0
2013/04/01,102.25,92.02,54.32,95.11,973.4,69.26,50.23,108.47,112.96,111.71,92.94,94.76,75.9,90.66,54.42,54.23,973.4,925.4,69.26,71.76,50.23,49.3,108.92,84.2,54.18,109.71,83.25,-5.73,-0.99,25.31,-0.18,0.0,0.0,0.0,0,0,5554.59,97.25,10.23,51.67,5.71,16.0,0.75,0,0,0,0,0,0
2013/05/01,102.56,94.51,54.98,83.72,973.4,69.26,50.23,102.25,116.05,109.06,92.02,95.31,95.11,81.59,54.32,53.81,973.4,925.4,69.26,71.76,50.23,49.3,104.43,84.91,54.58,108.63,83.64,0.3,2.71,-11.98,1.22,0.0,0.0,0.0,0,0,5639.21,85.86,8.05,46.03,5.79,16.0,0.44,0,0,0,0,0,0
2013/06/01,102.92,95.77,58.38,82.97,974.9,69.26,50.23,102.56,108.47,109.49,94.51,92.94,83.72,75.9,54.98,54.42,973.4,973.4,69.26,69.26,50.23,50.23,102.58,87.27,55.9,107.53,84.99,0.35,1.33,-0.9,6.18,0.15,0.0,0.0,0,0,6008.83,85.39,7.15,48.44,6.16,0.5,0.43,0,0,0,0,0,1
2013/07/01,107.93,104.67,59.76,73.98,974.9,69.26,50.23,102.92,102.25,112.96,95.77,92.02,82.97,95.11,58.38,54.32,974.9,973.4,69.26,69.26,50.23,50.23,104.47,80.22,57.71,106.7,82.21,4.87,9.29,-10.84,2.36,0.0,0.0,0.0,0,0,6449.99,79.85,3.26,44.21,6.62,0.5,0.39,0,0,0,0,0,0
2013/08/01,111.28,106.57,62.81,90.96,974.9,69.26,50.23,107.93,102.56,116.05,104.67,94.51,73.98,83.72,59.76,54.98,974.9,973.4,69.26,69.26,50.23,50.23,107.38,82.64,60.32,105.9,83.77,3.1,1.82,22.95,5.1,0.0,0.0,0.0,0,0,6989.6,101.22,4.71,57.13,7.17,0.5,1.01,0,0,0,0,0,1
2013/09/01,111.6,106.29,63.65,100.46,1023.9,69.26,50.23,111.28,102.92,108.47,106.57,95.77,90.96,82.97,62.81,58.38,974.9,974.9,69.26,69.26,50.23,50.23,110.27,88.47,62.07,106.42,87.87,0.29,-0.26,10.44,1.33,5.03,0.0,0.0,0,1,7103.12,112.11,5.31,63.94,6.94,16.33,1.29,0,0,0,0,0,0
2013/10/01,109.08,100.54,61.61,72.95,1023.9,69.26,50.23,111.6,107.93,102.25,106.29,104.67,100.46,73.98,63.65,59.76,1023.9,974.9,69.26,69.26,50.23,50.23,110.65,88.12,62.69,107.56,84.17,-2.26,-5.41,-27.38,-3.21,0.0,0.0,0.0,0,0,6719.97,79.57,8.54,44.94,6.56,16.33,0.41,0,0,0,0,0,1
2013/11/01,107.79,93.86,62.52,77.78,1023.9,69.26,50.23,109.08,111.28,102.56,100.54,106.57,72.95,90.96,61.61,62.81,1023.9,974.9,69.26,69.26,50.23,50.23,109.49,83.73,62.59,108.43,83.18,-1.18,-6.64,6.62,1.48,0.0,0.0,0.0,0,0,6738.8,83.84,13.93,48.63,6.58,16.33,0.49,0,0,0,0,0,0
2013/12/01,110.76,97.63,61.81,70.37,1024.4,69.26,50.23,107.79,111.6,102.92,93.86,106.29,77.78,100.46,62.52,63.65,1023.9,1023.9,69.26,69.26,50.23,50.23,109.21,73.7,61.98,109.74,81.08,2.76,4.02,-9.53,-1.13,0.05,0.0,0.0,0,0,6846.19,77.94,13.13,43.5,6.68,0.17,0.41,0,0,0,0,0,0
2014/01/01,108.12,94.62,62.11,77.92,1244.4,69.79,61.73,110.76,109.08,107.93,97.63,100.54,70.37,72.95,61.81,61.61,1024.4,1023.9,69.26,69.26,50.23,50.23,108.89,75.36,62.14,109.77,81.74,-2.38,-3.08,10.73,0.48,21.48,0.77,22.89,0,0,6714.87,84.25,13.5,48.39,5.4,73.5,0.51,0,0,1,0,1,0
2014/02/01,108.9,100.82,62.16,69.0,1066.4,69.79,61.73,108.12,107.79,111.28,94.62,93.86,77.92,77.78,62.11,62.52,1244.4,1023.9,69.79,69.26,61.73,50.23,109.26,72.43,62.03,109.38,78.08,0.72,6.55,-11.45,0.09,-14.3,0.0,0.0,0,0,6769.68,75.14,8.08,42.89,6.35,14.17,0.29,0,0,1,0,0,0
2014/03/01,107.48,100.8,60.95,119.84,1066.4,69.79,61.73,108.9,110.76,111.6,100.82,97.63,69.0,70.37,62.16,61.81,1066.4,1024.4,69.79,69.26,61.73,50.23,108.17,88.92,61.74,108.69,81.31,-1.3,-0.02,73.68,-1.96,0.0,0.0,0.0,0,1,6550.65,128.8,6.68,73.04,6.14,14.0,1.66,0,0,0,0,0,0
2014/04/01,107.76,102.07,60.35,93.22,1107.4,69.79,61.73,107.48,108.12,109.08,100.8,94.62,119.84,77.92,60.95,62.11,1066.4,1244.4,69.79,69.79,61.73,61.73,108.05,94.02,61.15,108.47,84.69,0.26,1.26,-22.21,-0.99,3.84,0.0,0.0,0,0,6502.93,100.45,5.69,56.25,5.87,-45.67,0.92,0,0,0,0,0,0
2014/05/01,109.54,102.18,59.28,83.43,1107.4,74.74,61.73,107.76,108.9,107.79,102.07,100.82,93.22,69.0,60.35,62.16,1107.4,1066.4,69.79,69.79,61.73,61.73,108.26,98.83,60.19,108.76,85.63,1.65,0.11,-10.5,-1.76,0.0,7.09,0.0,0,0,6494.0,91.39,7.36,49.46,5.86,13.67,0.72,0,0,0,1,0,0
2014/06/01,111.8,105.79,59.74,98.77,1244.4,74.74,61.73,109.54,107.48,110.76,102.18,100.8,83.43,119.84,59.28,60.95,1107.4,1066.4,74.74,69.79,61.73,61.73,109.7,91.81,59.79,108.93,90.36,2.06,3.53,18.39,0.76,12.37,0.0,0.0,1,0,6678.56,110.42,6.01,59.0,5.37,59.33,1.25,0,0,1,0,0,0
2014/07/01,106.77,103.59,60.1,138.75,1244.4,74.74,61.73,111.8,107.76,108.12,105.79,102.07,98.77,93.22,59.74,60.35,1244.4,1107.4,74.74,69.79,61.73,61.73,109.37,106.98,59.71,108.71,100.5,-4.5,-2.08,40.48,0.6,0.0,0.0,0.0,1,1,6416.41,148.14,3.18,83.38,5.16,45.67,2.16,0,0,0,0,0,0
2014/08/01,101.61,96.54,60.87,136.45,1244.4,74.74,61.73,106.77,109.54,108.9,103.59,102.18,138.75,83.43,60.1,59.28,1244.4,1107.4,74.74,74.74,61.73,61.73,106.73,124.66,60.24,107.49,111.74,-4.83,-6.81,-1.66,1.29,0.0,0.0,0.0,1,1,6185.39,138.65,5.07,83.06,4.97,45.67,1.88,0,0,0,0,0,0
2014/09/01,97.09,93.21,60.9,131.56,1075.4,75.75,58.26,101.61,111.8,107.48,96.54,105.79,136.45,98.77,60.87,59.74,1244.4,1244.4,74.74,74.74,61.73,61.73,101.82,135.59,60.62,105.76,113.7,-4.45,-3.45,-3.58,0.04,-13.58,1.35,-5.62,0,1,5912.55,127.73,3.88,80.12,5.5,-56.33,1.56,0,0,1,0,0,0
2014/10/01,87.43,84.4,61.37,83.66,1075.4,75.75,55.81,97.09,106.77,107.76,93.21,103.59,131.56,138.75,60.9,60.1,1075.4,1244.4,75.75,74.74,58.26,61.73,95.38,117.22,61.05,102.37,112.1,-9.95,-9.45,-36.41,0.77,0.0,0.0,-4.21,0,0,5365.3,73.14,3.03,51.34,4.99,-56.33,-0.19,0,0,0,0,0,0
2014/11/01,79.44,75.79,61.68,84.38,903.4,75.75,55.81,87.43,101.61,109.54,84.4,96.54,83.66,136.45,61.37,60.87,1075.4,1244.4,75.75,74.74,55.81,61.73,87.99,99.87,61.32,97.36,112.26,-9.14,-10.2,0.86,0.51,-15.99,0.0,0.0,0,0,4900.08,67.03,3.65,52.05,5.42,-113.67,-0.51,0,0,1,0,0,0
2014/12/01,62.34,59.29,62.71,86.53,771.9,75.75,55.81,79.44,97.09,111.8,75.79,93.21,84.38,131.56,61.68,60.9,903.4,1075.4,75.75,75.75,55.81,58.26,76.4,84.86,61.92,89.11,110.22,-21.53,-21.77,2.55,1.66,-14.56,0.0,0.0,0,0,3909.16,53.94,3.05,54.26,5.06,-101.17,-1.16,0,1,1,0,0,0
2015/01/01,47.76,47.22,62.13,111.99,733.4,75.75,55.81,62.34,87.43,106.77,59.29,84.4,86.53,83.66,62.71,61.37,771.9,1075.4,75.75,75.75,55.81,55.81,63.18,94.3,62.17,79.28,105.76,-23.39,-20.36,29.42,-0.92,-4.99,0.0,0.0,0,1,2967.33,53.49,0.54,69.58,4.05,-114.0,-1.05,0,1,0,0,0,0
2015/02/01,58.1,50.58,61.99,111.92,698.4,75.75,55.81,47.76,79.44,101.61,47.22,75.79,111.99,84.38,62.13,61.68,733.4,903.4,75.75,75.75,55.81,55.81,56.07,103.48,62.28,72.03,101.67,21.65,7.12,-0.06,-0.22,-4.77,0.0,0.0,0,1,3601.65,65.03,7.52,69.38,5.16,-68.33,-0.62,0,1,0,0,0,0
2015/03/01,55.89,47.82,62.48,104.24,648.4,63.76,50.84,58.1,62.34,97.09,50.58,59.29,111.92,86.53,61.99,62.71,698.4,771.9,75.75,75.75,55.81,55.81,53.92,109.38,62.2,65.16,97.12,-3.8,-5.46,-6.86,0.79,-7.16,-15.83,-8.91,1,1,3492.04,58.26,8.07,65.13,5.39,-41.17,-0.93,0,0,0,1,1,0
2015/04/01,59.52,54.45,62.64,102.19,623.4,63.76,50.84,55.89,47.76,87.43,47.82,47.22,104.24,111.99,62.48,62.13,648.4,733.4,63.76,75.75,50.84,55.81,57.84,106.12,62.37,60.51,100.21,6.49,13.86,-1.97,0.26,-3.86,0.0,0.0,1,1,3728.42,60.82,5.07,64.01,5.98,-36.67,-0.84,0,0,0,0,0,0
2015/05/01,64.08,59.27,63.72,76.26,609.4,63.76,50.84,59.52,58.1,79.44,54.45,50.58,102.19,111.92,62.64,61.99,623.4,698.4,63.76,75.75,50.84,55.81,59.83,94.23,62.95,57.95,98.86,7.66,8.85,-25.37,1.71,-2.25,0.0,0.0,0,0,4082.86,48.87,4.81,48.59,6.7,-29.67,-1.38,0,0,0,0,0,0
2015/06/01,61.48,59.82,63.78,85.91,609.4,63.76,50.84,64.08,55.89,62.34,59.27,47.82,76.26,104.24,63.72,62.48,609.4,648.4,63.76,63.76,50.84,50.84,61.69,88.12,63.38,57.81,98.75,-4.06,0.93,12.65,0.1,0.0,0.0,0.0,0,0,3921.25,52.82,1.66,54.79,6.43,-13.0,-1.21,0,0,0,0,0,0
2015/07/01,56.56,50.9,63.6,106.81,609.4,63.76,50.84,61.48,59.52,47.76,59.82,54.45,85.91,102.19,63.78,62.64,609.4,623.4,63.76,63.76,50.84,50.84,60.71,89.66,63.7,59.27,97.89,-8.0,-14.91,24.33,-0.28,0.0,0.0,0.0,0,1,3597.47,60.41,5.66,67.94,5.9,-4.67,-0.83,0,0,0,0,0,0
2015/08/01,46.52,42.87,65.1,82.48,609.4,63.76,50.84,56.56,64.08,58.1,50.9,59.27,106.81,76.26,63.6,63.72,609.4,609.4,63.76,63.76,50.84,50.84,54.85,91.73,64.16,57.34,92.98,-17.75,-15.78,-22.78,2.35,0.0,0.0,0.0,0,0,3028.32,38.37,3.65,53.69,4.97,0.0,-1.93,0,0,0,0,0,0
2015/09/01,47.62,45.48,66.17,98.77,609.4,63.76,50.84,46.52,61.48,55.89,42.87,59.82,82.48,85.91,65.1,63.78,609.4,609.4,63.76,63.76,50.84,50.84,50.23,96.02,64.96,55.96,92.07,2.36,6.09,19.75,1.64,0.0,0.0,0.0,0,0,3150.86,47.03,2.14,65.35,5.17,0.0,-1.43,0,0,0,0,0,0
2015/10/01,48.43,46.22,65.03,91.93,609.4,63.76,50.84,47.62,56.56,59.52,45.48,50.9,98.77,106.81,66.17,63.6,609.4,609.4,63.76,63.76,50.84,50.84,47.52,91.06,65.43,54.12,90.36,1.7,1.63,-6.93,-1.72,0.0,0.0,0.0,0,0,3149.22,44.52,2.21,59.78,5.17,0.0,-1.59,0,0,0,0,0,0
2015/11/01,44.27,42.44,66.1,150.72,609.4,63.76,50.84,48.43,46.52,64.08,46.22,42.87,91.93,82.48,65.03,65.1,609.4,609.4,63.76,63.76,50.84,50.84,46.77,113.81,65.76,50.81,102.77,-8.59,-8.18,63.95,1.65,0.0,0.0,0.0,0,2,2926.25,66.72,1.83,99.63,4.8,0.0,-0.11,0,0,0,0,0,0
2015/12/01,38.01,37.19,66.5,148.24,609.4,63.76,50.84,44.27,47.62,61.48,42.44,45.48,150.72,98.77,66.1,66.17,609.4,609.4,63.76,63.76,50.84,50.84,43.57,130.3,65.88,46.9,113.16,-14.14,-12.37,-1.65,0.61,0.0,0.0,0.0,0,1,2527.75,56.35,0.82,98.58,4.15,0.0,-0.44,0,0,0,0,0,0
2016/01/01,30.7,31.68,67.33,118.21,609.4,63.76,50.84,38.01,48.43,56.56,37.19,46.22,148.24,91.93,66.5,65.03,609.4,609.4,63.76,63.76,50.84,50.84,37.66,139.06,66.65,42.59,115.06,-19.23,-14.82,-20.26,1.25,0.0,0.0,0.0,0,1,2067.13,36.29,-0.98,79.59,3.39,0.0,-1.59,0,1,0,0,0,0
2016/02/01,32.18,30.32,68.24,103.75,587.4,63.76,50.84,30.7,44.27,46.52,31.68,42.44,118.21,150.72,67.33,66.1,609.4,609.4,63.76,63.76,50.84,50.84,33.63,123.4,67.36,40.2,118.6,4.82,-4.29,-12.23,1.35,-3.61,0.0,0.0,0,1,2195.95,33.39,1.86,70.8,3.74,-7.33,-1.93,0,0,0,0,0,0
2016/03/01,38.21,37.55,66.89,109.72,562.9,67.74,53.34,32.18,38.01,47.62,30.32,37.19,103.75,148.24,68.24,66.5,587.4,609.4,63.76,63.76,50.84,50.84,33.7,110.56,67.49,38.63,120.43,18.74,23.85,5.75,-1.98,-4.17,6.24,4.92,0,1,2555.9,41.92,0.66,73.39,4.54,-15.5,-1.51,0,1,0,1,0,0
2016/04/01,41.58,40.75,66.42,85.22,512.9,67.74,53.34,38.21,30.7,48.43,37.55,31.68,109.72,118.21,66.89,67.33,562.9,609.4,67.74,63.76,53.34,50.84,37.32,99.56,67.18,37.49,119.31,8.82,8.52,-22.33,-0.7,-8.88,0.0,0.0,0,0,2761.82,35.43,0.83,56.6,5.38,-32.17,-2.06,0,0,0,0,0,0
2016/05/01,46.74,46.71,66.89,88.33,512.9,67.74,53.34,41.58,32.18,44.27,40.75,30.32,85.22,103.75,66.42,68.24,512.9,587.4,67.74,63.76,53.34,50.84,42.18,94.42,66.73,37.9,108.91,12.41,14.63,3.65,0.7,0.0,0.0,0.0,0,0,3126.42,41.29,0.03,59.08,6.1,-24.83,-1.76,0,0,0,0,0,0
2016/06/01,48.25,48.76,67.27,90.17,512.9,67.74,53.34,46.74,38.21,38.01,46.71,37.55,88.33,109.72,66.89,66.89,512.9,562.9,67.74,67.74,53.34,53.34,45.52,87.91,66.86,39.61,99.23,3.23,4.39,2.08,0.56,0.0,0.0,0.0,0,0,3245.56,43.51,-0.51,60.65,6.33,-16.67,-1.64,0,0,0,0,0,0
2016/07/01,44.95,44.65,67.16,114.61,523.9,67.74,53.34,48.25,41.58,30.7,48.76,40.75,90.17,85.22,67.27,66.42,512.9,512.9,67.74,67.74,53.34,53.34,46.65,97.7,67.1,41.98,98.63,-6.84,-8.43,27.1,-0.16,2.14,0.0,0.0,0,1,3018.75,51.52,0.3,76.97,5.76,3.67,-1.09,0,0,0,0,0,0
2016/08/01,45.84,44.72,66.9,98.74,523.9,67.74,53.34,44.95,46.74,32.18,44.65,46.71,114.61,88.33,67.16,66.89,523.9,512.9,67.74,67.74,53.34,53.34,46.35,101.17,67.11,44.26,97.8,1.98,0.16,-13.85,-0.38,0.0,0.0,0.0,0,0,3066.86,45.26,1.12,66.06,5.85,3.67,-1.5,0,0,0,0,0,0
2016/09/01,46.57,45.18,66.71,104.55,551.9,67.74,53.34,45.84,48.25,38.21,44.72,48.76,98.74,90.17,66.9,67.27,523.9,512.9,67.74,67.74,53.34,53.34,45.79,105.97,66.93,45.66,96.94,1.59,1.03,5.88,-0.28,5.34,0.0,0.0,0,1,3106.86,48.69,1.39,69.75,5.63,13.0,-1.31,0,0,0,0,0,0
2016/10/01,49.52,49.78,66.74,85.75,551.9,67.74,53.34,46.57,44.95,41.58,45.18,44.65,104.55,114.61,66.71,67.16,551.9,523.9,67.74,67.74,53.34,53.34,47.31,96.35,66.79,46.98,97.02,6.33,10.18,-17.98,0.04,0.0,0.0,0.0,0,0,3305.04,42.46,-0.26,57.23,5.99,9.33,-1.72,0,0,0,0,0,0
2016/11/01,44.73,45.66,67.64,82.92,551.9,67.74,53.34,49.52,45.84,46.74,49.78,44.72,85.75,98.74,66.74,66.9,551.9,523.9,67.74,67.74,53.34,53.34,46.94,91.07,67.03,46.64,96.12,-9.67,-8.28,-3.3,1.35,0.0,0.0,0.0,0,0,3025.51,37.09,-0.93,56.09,5.48,9.33,-2.0,0,0,0,0,0,0
2016/12/01,53.31,51.97,67.81,102.18,587.4,67.74,53.34,44.73,46.57,48.25,45.66,45.18,82.92,104.55,67.64,66.71,551.9,551.9,67.74,67.74,53.34,53.34,49.19,90.28,67.4,47.49,98.12,19.18,13.82,23.23,0.24,6.43,0.0,0.0,0,1,3614.7,54.47,1.34,69.28,6.15,11.83,-1.1,0,1,0,0,0,0
2017/01/01,54.58,52.5,68.05,105.2,621.4,73.66,57.34,53.31,49.52,44.95,51.97,49.78,102.18,85.75,67.81,66.74,587.4,551.9,67.74,67.74,53.34,53.34,50.87,96.77,67.83,49.09,96.56,2.38,1.02,2.96,0.36,5.79,8.74,7.5,0,1,3714.03,57.42,2.08,71.59,5.98,23.17,-0.96,0,0,0,1,0,0
2017/02/01,54.87,53.47,66.97,114.21,621.4,73.66,57.34,54.58,44.73,45.84,52.5,45.66,105.2,82.92,68.05,67.64,621.4,551.9,73.66,67.74,57.34,53.34,54.25,107.2,67.61,50.6,99.14,0.53,1.85,8.56,-1.58,0.0,0.0,0.0,0,1,3674.79,62.67,1.4,76.49,5.91,23.17,-0.69,0,0,0,0,0,0
2017/03/01,51.59,49.33,65.8,96.64,652.4,73.66,57.34,54.87,53.31,46.57,53.47,51.97,114.21,102.18,66.97,67.81,621.4,587.4,73.66,67.74,57.34,53.34,53.68,105.35,66.94,51.43,97.82,-5.98,-7.74,-15.38,-1.75,4.99,0.0,0.0,0,0,3394.67,49.86,2.26,63.59,5.2,21.67,-1.32,0,0,0,0,0,0
2017/04/01,52.31,51.06,64.54,119.46,652.4,73.66,57.34,51.59,54.58,49.52,49.33,52.5,96.64,105.2,65.8,68.05,652.4,621.4,73.66,73.66,57.34,57.34,52.92,110.1,65.77,51.9,103.44,1.4,3.51,23.61,-1.92,0.0,0.0,0.0,0,1,3375.88,62.49,1.25,77.09,5.17,10.33,-0.65,0,0,0,0,0,0
2017/05/01,50.33,48.48,64.42,102.58,652.4,73.66,57.34,52.31,54.87,44.73,51.06,53.47,119.46,114.21,64.54,66.97,652.4,621.4,73.66,73.66,57.34,57.34,51.41,106.23,64.92,52.83,106.71,-3.79,-5.05,-14.13,-0.18,0.0,0.0,0.0,0,1,3242.23,51.63,1.85,66.08,4.97,10.33,-1.21,0,0,0,0,0,0
2017/06/01,46.37,45.18,64.45,126.79,663.4,73.66,57.34,50.33,51.59,53.31,48.48,49.33,102.58,96.64,64.42,65.8,652.4,652.4,73.66,73.66,57.34,57.34,49.67,116.28,64.47,51.68,110.81,-7.87,-6.81,23.6,0.04,1.69,0.0,0.0,0,1,2988.46,58.79,1.19,81.71,4.5,3.67,-0.69,0,0,0,0,0,0
2017/07/01,48.48,46.63,64.42,102.81,663.4,73.66,57.34,46.37,52.31,54.58,45.18,51.06,126.79,119.46,64.45,64.54,663.4,652.4,73.66,73.66,57.34,57.34,48.39,110.73,64.43,50.66,110.42,4.55,3.21,-18.91,-0.04,0.0,0.0,0.0,0,1,3123.28,49.84,1.85,66.23,4.71,3.67,-1.28,0,0,0,0,0,0
2017/08/01,51.7,48.04,63.97,138.53,696.9,73.66,57.34,48.48,50.33,54.87,46.63,48.48,102.81,102.58,64.42,64.42,663.4,652.4,73.66,73.66,57.34,57.34,48.85,122.71,64.28,50.13,114.47,6.64,3.02,34.74,-0.71,5.05,0.0,0.0,0,1,3307.16,71.62,3.66,88.62,4.75,14.83,-0.14,0,0,0,0,0,0
2017/09/01,56.15,49.82,64.48,115.53,719.9,73.66,57.34,51.7,46.37,51.59,48.04,45.18,138.53,126.79,63.97,64.45,696.9,663.4,73.66,73.66,57.34,57.34,52.11,118.96,64.29,50.89,117.62,8.61,3.71,-16.6,0.8,3.3,0.0,0.0,0,1,3620.41,64.87,6.33,74.49,5.03,18.83,-0.6,0,0,0,0,0,0
2017/10/01,57.51,51.58,65.04,91.46,719.9,73.66,57.34,56.15,48.48,52.31,49.82,46.63,115.53,102.81,64.48,64.42,719.9,663.4,73.66,73.66,57.34,57.34,55.12,115.17,64.49,51.76,112.95,2.42,3.53,-20.83,0.87,0.0,0.0,0.0,0,0,3740.2,52.6,5.93,59.48,5.2,18.83,-1.22,0,0,0,0,0,0
2017/11/01,62.71,56.64,64.84,92.6,739.4,73.66,57.34,57.51,51.7,50.33,51.58,48.04,91.46,138.53,65.04,63.97,719.9,696.9,73.66,73.66,57.34,57.34,58.79,99.86,64.79,53.82,111.29,9.04,9.81,1.25,-0.3,2.71,0.0,0.0,0,0,4066.34,58.07,6.07,60.05,5.5,14.17,-0.97,0,0,0,0,0,0
2017/12/01,64.37,57.88,64.24,82.72,750.9,73.66,57.34,62.71,56.15,46.37,56.64,49.82,92.6,115.53,64.84,64.48,739.4,719.9,73.66,73.66,57.34,57.34,61.53,88.93,64.71,56.82,103.94,2.65,2.19,-10.67,-0.92,1.56,0.0,0.0,0,0,4135.42,53.25,6.49,53.14,5.51,10.33,-1.18,0,0,0,0,0,0
2018/01/01,69.08,63.7,63.65,92.43,750.9,77.7,64.09,64.37,57.51,48.48,57.88,51.58,82.72,91.46,64.24,65.04,750.9,719.9,73.66,73.66,57.34,57.34,65.39,89.25,64.24,60.25,102.21,7.32,10.06,11.74,-0.93,0.0,5.48,11.77,0,0,4396.61,63.85,5.38,58.83,5.86,10.33,-0.71,0,0,0,1,1,0
2018/02/01,65.32,62.23,64.43,64.49,758.4,77.7,64.09,69.08,62.71,51.7,63.7,56.64,92.43,92.6,63.65,64.84,750.9,739.4,77.7,73.66,64.09,57.34,66.26,79.88,64.11,62.52,89.87,-5.44,-2.31,-30.23,1.23,1.0,0.0,0.0,0,0,4208.57,42.12,3.09,41.55,5.55,6.33,-1.66,0,0,0,0,0,0
2018/03/01,66.02,62.73,65.05,111.96,772.4,77.7,64.09,65.32,64.37,56.15,62.23,57.88,64.49,82.72,64.43,64.24,758.4,750.9,77.7,73.66,64.09,57.34,66.81,89.63,64.37,64.17,89.28,1.07,0.8,73.61,0.96,1.85,0.0,0.0,0,1,4294.3,73.92,3.29,72.82,5.56,7.17,-0.29,0,0,0,0,0,0
2018/04/01,72.11,66.25,65.67,123.26,772.4,77.7,64.09,66.02,69.08,57.51,62.73,63.7,111.96,92.43,65.05,63.65,772.4,750.9,77.7,77.7,64.09,64.09,67.82,99.9,65.05,66.6,94.58,9.22,5.61,10.09,0.96,0.0,0.0,0.0,0,1,4735.67,88.88,5.86,80.95,6.13,7.17,0.28,0,0,0,0,0,0
2018/05/01,76.98,69.98,67.51,125.67,785.4,81.7,67.3,72.11,65.32,62.71,66.25,62.23,123.26,64.49,65.67,64.43,772.4,758.4,77.7,77.7,64.09,64.09,71.7,120.3,66.08,68.98,100.09,6.75,5.63,1.96,2.8,1.68,5.15,5.01,1,1,5196.92,96.74,7.0,84.84,6.62,9.0,0.55,0,0,0,1,0,0
2018/06/01,74.41,67.87,67.79,103.97,785.4,81.7,67.3,76.98,66.02,64.37,69.98,62.73,125.67,111.96,67.51,65.05,785.4,772.4,81.7,77.7,67.3,64.09,74.5,117.63,66.99,70.65,103.63,-3.34,-3.02,-17.27,0.41,0.0,0.0,0.0,1,1,5044.25,77.36,6.54,70.48,6.42,4.33,-0.16,0,0,0,0,0,0
2018/07/01,74.25,70.98,68.69,110.03,812.4,81.7,67.3,74.41,72.11,69.08,67.87,66.25,103.97,123.26,67.79,65.67,785.4,772.4,81.7,77.7,67.3,64.09,75.21,113.22,68.0,71.52,106.56,-0.22,4.58,5.83,1.32,3.44,0.0,0.0,0,1,5099.99,81.7,3.27,75.58,6.28,13.33,-0.0,0,0,0,0,0,0
2018/08/01,72.53,68.06,69.63,112.74,812.4,81.7,67.3,74.25,76.98,65.32,70.98,69.98,110.03,125.67,68.69,67.51,812.4,785.4,81.7,81.7,67.3,67.3,73.73,108.91,68.7,72.72,114.6,-2.32,-4.11,2.46,1.38,0.0,0.0,0.0,0,1,5050.39,81.77,4.47,78.5,6.22,9.0,0.0,0,0,0,0,0,0
2018/09/01,78.89,70.23,72.28,75.05,829.4,86.11,72.0,72.53,74.41,66.02,68.06,67.87,112.74,103.97,69.63,67.79,812.4,785.4,81.7,81.7,67.3,67.3,75.22,99.27,70.2,74.86,108.45,8.77,3.19,-33.43,3.8,2.09,5.4,6.98,0,0,5702.0,59.21,8.66,54.24,6.87,14.67,-0.79,0,0,0,1,0,1
2018/10/01,81.03,70.75,73.56,92.02,829.4,82.1,69.0,78.89,74.25,72.11,70.23,70.98,75.05,110.03,72.28,68.69,829.4,812.4,86.11,81.7,72.0,67.3,77.48,93.27,71.82,76.35,103.25,2.71,0.74,22.61,1.78,0.0,-4.66,-4.17,0,0,5960.64,74.56,10.28,67.69,7.19,5.67,-0.22,0,0,0,0,0,0
2018/11/01,64.75,56.96,71.74,80.41,812.4,80.94,68.0,81.03,72.53,76.98,70.75,68.06,92.02,112.74,73.56,69.63,829.4,812.4,82.1,81.7,69.0,67.3,74.89,82.49,72.53,74.31,95.7,-20.09,-19.49,-12.62,-2.48,-2.05,-1.41,-1.45,0,0,4645.04,52.07,7.79,57.68,5.72,0.0,-1.23,0,1,0,0,0,0
2018/12/01,57.36,49.52,70.83,90.61,812.9,80.94,68.0,64.75,78.89,74.41,56.96,70.23,80.41,75.05,71.74,72.28,812.4,829.4,80.94,86.11,68.0,72.0,67.71,87.68,72.04,71.47,93.48,-11.41,-13.06,12.68,-1.26,0.06,0.0,0.0,0,0,4062.99,51.97,7.84,64.18,5.0,-5.5,-1.25,0,0,0,0,0,0
2019/01/01,59.41,51.38,70.71,87.42,748.4,77.63,66.3,57.36,81.03,74.25,49.52,70.75,90.61,92.02,70.83,73.56,812.9,829.4,80.94,82.1,68.0,69.0,60.51,86.15,71.09,69.0,89.71,3.57,3.76,-3.52,-0.17,-7.93,-4.09,-2.5,0,0,4200.88,51.94,8.03,61.81,5.61,-27.0,-1.26,0,0,0,0,0,0
2019/02/01,63.96,54.95,71.17,96.8,748.4,77.63,66.3,59.41,64.75,72.53,51.38,56.96,87.42,80.41,70.71,71.74,748.4,812.4,77.63,80.94,66.3,68.0,60.24,91.61,70.91,67.57,87.05,7.66,6.95,10.73,0.66,0.0,0.0,0.0,0,0,4552.28,61.91,9.01,68.9,6.08,-21.33,-0.8,0,0,0,0,0,0
2019/03/01,66.14,58.15,69.49,82.33,738.4,77.63,66.3,63.96,57.36,78.89,54.95,49.52,96.8,90.61,71.17,70.83,748.4,812.9,77.63,80.94,66.3,68.0,63.17,88.85,70.46,65.44,88.26,3.41,5.82,-14.95,-2.37,-1.34,0.0,0.0,0,0,4596.04,54.45,7.99,57.21,6.22,-24.83,-1.12,0,0,0,0,0,0
2019/04/01,71.23,63.86,69.41,79.25,719.4,77.63,66.3,66.14,59.41,81.03,58.15,51.38,82.33,87.42,69.49,70.71,738.4,748.4,77.63,77.63,66.3,66.3,67.11,86.13,70.02,63.81,86.14,7.7,9.82,-3.74,-0.12,-2.57,0.0,0.0,0,0,4943.85,56.45,7.37,55.0,6.87,-9.67,-0.99,0,0,0,0,0,0
2019/05/01,71.32,60.83,69.78,106.47,701.9,77.63,66.3,71.23,63.96,64.75,63.86,54.95,79.25,96.8,69.41,71.17,719.4,748.4,77.63,77.63,66.3,66.3,69.56,89.35,69.56,64.9,90.48,0.13,-4.74,34.35,0.54,-2.43,0.0,0.0,1,1,4976.9,75.93,10.49,74.3,7.09,-15.5,-0.22,0,0,0,0,0,0
2019/06/01,64.22,54.66,69.39,106.59,698.4,77.63,66.3,71.32,66.14,57.36,60.83,58.15,106.47,82.33,69.78,69.49,701.9,738.4,77.63,77.63,66.3,66.3,68.92,97.44,69.53,66.05,93.14,-9.96,-10.14,0.11,-0.57,-0.5,0.0,0.0,1,1,4456.1,68.45,9.56,73.96,6.38,-13.33,-0.52,0,0,0,0,0,0
2019/07/01,63.92,57.35,68.74,93.52,640.9,77.63,66.3,64.22,71.23,59.41,54.66,63.86,106.59,79.25,69.39,69.41,698.4,719.4,77.63,77.63,66.3,66.3,66.49,102.19,69.3,66.8,94.16,-0.47,4.92,-12.26,-0.94,-8.23,0.0,0.0,0,0,4393.8,59.78,6.57,64.28,6.86,-26.17,-0.9,0,0,0,0,0,0
2019/08/01,59.04,54.81,71.19,103.4,640.9,77.63,66.3,63.92,71.32,63.96,57.35,60.83,93.52,106.47,68.74,69.78,640.9,701.9,77.63,77.63,66.3,66.3,62.39,101.17,69.77,65.98,95.26,-7.63,-4.43,10.56,3.56,0.0,0.0,0.0,0,1,4203.0,61.05,4.23,73.61,6.56,-20.33,-0.82,0,0,0,0,0,1
2019/09/01,62.83,56.95,71.31,90.37,640.9,77.63,66.3,59.04,64.22,66.14,54.81,54.66,103.4,106.59,71.19,69.39,640.9,698.4,77.63,77.63,66.3,66.3,61.93,95.76,70.41,65.43,96.6,6.42,3.9,-12.6,0.17,0.0,0.0,0.0,1,0,4480.47,56.78,5.88,64.44,6.99,-19.17,-1.03,0,0,0,0,0,0
2019/10/01,59.71,53.96,71.01,97.84,652.4,77.63,66.3,62.83,63.92,71.23,56.95,57.35,90.37,93.52,71.31,68.74,640.9,640.9,77.63,77.63,66.3,66.3,60.53,97.2,71.17,63.51,99.7,-4.97,-5.25,8.27,-0.42,1.79,0.0,0.0,0,0,4239.92,58.42,5.75,69.47,6.5,3.83,-0.95,0,0,0,0,0,0
2019/11/01,63.21,57.03,71.49,73.08,698.4,77.63,66.3,59.71,59.04,71.32,53.96,54.81,97.84,103.4,71.01,71.19,652.4,640.9,77.63,77.63,66.3,66.3,61.92,87.1,71.27,62.16,94.13,5.86,5.69,-25.31,0.68,7.05,0.0,0.0,0,0,4519.15,46.19,6.18,52.25,6.47,19.17,-1.5,0,0,0,0,0,0
2019/12/01,67.31,59.88,71.16,74.28,717.9,77.63,66.3,63.21,62.83,64.22,57.03,56.95,73.08,90.37,71.49,71.31,698.4,640.9,77.63,77.63,66.3,66.3,63.41,81.73,71.22,62.67,88.75,6.49,5.0,1.64,-0.47,2.79,0.0,0.0,0,0,4789.56,50.0,7.43,52.86,6.67,25.67,-1.3,0,0,0,0,0,0
2020/01/01,63.65,57.52,71.28,138.42,717.9,77.63,66.3,67.31,59.71,63.92,59.88,53.96,74.28,97.84,71.16,71.01,717.9,652.4,77.63,77.63,66.3,66.3,64.72,95.26,71.31,62.62,96.23,-5.44,-3.94,86.35,0.17,0.0,0.0,0.0,1,1,4536.91,88.1,6.13,98.66,6.32,21.83,0.36,0,0,0,0,0,0
2020/02/01,55.66,50.54,71.53,75.96,717.9,77.63,66.3,63.65,63.21,59.04,57.52,57.03,138.42,73.08,71.28,71.49,717.9,698.4,77.63,77.63,66.3,66.3,62.21,96.22,71.32,62.06,91.66,-12.55,-12.13,-45.12,0.35,0.0,0.0,0.0,0,0,3981.33,42.28,5.12,54.33,5.55,6.5,-1.74,0,0,0,0,0,0
2020/03/01,32.01,29.21,74.55,81.54,717.9,72.0,63.96,55.66,67.31,62.83,50.54,59.88,75.96,74.28,71.53,71.16,717.9,717.9,77.63,77.63,66.3,66.3,50.44,98.64,72.45,56.92,90.19,-42.49,-42.2,7.35,4.22,0.0,-7.25,-3.53,0,0,2386.29,26.1,2.8,60.79,3.32,0.0,-2.56,0,1,0,1,0,1
2020/04/01,18.38,16.55,76.17,69.34,584.9,72.0,63.96,32.01,63.65,59.71,29.21,57.52,81.54,138.42,74.55,71.28,717.9,717.9,72.0,77.63,63.96,66.3,35.35,75.61,74.08,50.04,85.44,-42.58,-43.34,-14.96,2.17,-18.53,0.0,0.0,0,0,1399.97,12.74,1.83,52.82,2.39,-44.33,-3.48,0,1,1,0,0,0
2020/05/01,29.38,28.56,75.66,68.51,584.9,72.0,63.96,18.38,55.66,63.21,16.55,50.54,69.34,75.96,76.17,71.53,584.9,717.9,72.0,77.63,63.96,66.3,26.59,73.13,75.46,44.4,84.68,59.85,72.57,-1.2,-0.67,0.0,0.0,0.0,0,0,2222.82,20.13,0.82,51.83,3.8,-44.33,-3.04,0,1,0,0,0,0
2020/06/01,40.27,38.31,75.71,71.23,584.9,84.55,72.04,29.38,32.01,67.31,28.56,29.21,68.51,81.54,75.66,74.55,584.9,717.9,72.0,72.0,63.96,63.96,29.34,69.69,75.84,39.89,84.17,37.07,34.14,3.97,0.07,0.0,17.43,12.63,0,0,3048.75,28.68,1.96,53.93,5.21,-44.33,-2.51,0,1,0,1,1,0
2020/07/01,43.24,40.71,74.93,66.47,597.4,84.55,72.04,40.27,18.38,63.65,38.31,16.55,71.23,69.34,75.71,76.17,584.9,584.9,84.55,72.0,72.04,63.96,37.63,68.74,75.43,36.49,72.18,7.38,6.26,-6.68,-1.03,2.14,0.0,0.0,0,0,3239.91,28.74,2.53,49.81,5.42,4.17,-2.52,0,0,0,0,0,0
2020/08/01,44.74,42.34,74.57,65.47,597.4,84.55,72.04,43.24,29.38,55.66,40.71,28.56,66.47,68.51,74.93,75.66,597.4,584.9,84.55,72.0,72.04,63.96,42.75,67.72,75.07,34.67,70.43,3.47,4.0,-1.5,-0.48,0.0,0.0,0.0,0,0,3336.07,29.29,2.4,48.82,5.58,4.17,-2.49,0,0,0,0,0,0
2020/09/01,40.91,39.63,73.52,80.38,597.4,84.55,72.04,44.74,40.27,32.01,42.34,38.31,65.47,71.23,74.57,75.71,597.4,584.9,84.55,84.55,72.04,72.04,42.96,70.77,74.34,36.15,70.23,-8.56,-6.4,22.77,-1.4,0.0,0.0,0.0,0,0,3007.84,32.88,1.28,59.1,5.03,4.17,-2.23,0,0,0,0,0,0
2020/10/01,40.19,39.4,73.56,76.08,597.4,84.55,72.04,40.91,43.24,18.38,39.63,40.71,80.38,66.47,73.52,74.93,597.4,597.4,84.55,84.55,72.04,72.04,41.95,73.98,73.88,39.79,71.36,-1.76,-0.58,-5.35,0.06,0.0,0.0,0.0,0,0,2956.57,30.58,0.79,55.97,4.95,0.0,-2.38,0,0,0,0,0,0
2020/11/01,42.69,40.94,74.23,70.07,597.4,84.55,72.04,40.19,44.74,29.38,39.4,42.34,76.08,65.47,73.56,74.57,597.4,597.4,84.55,84.55,72.04,72.04,41.26,75.51,73.77,42.01,71.62,6.22,3.91,-7.9,0.91,0.0,0.0,0.0,0,0,3168.93,29.91,1.75,52.01,5.3,0.0,-2.44,0,0,0,0,0,0
2020/12/01,49.99,47.02,73.62,64.07,597.4,84.55,72.04,42.69,40.91,40.27,40.94,39.63,70.07,80.38,74.23,73.52,597.4,597.4,84.55,84.55,72.04,72.04,44.29,70.07,73.81,43.63,70.42,17.1,14.85,-8.56,-0.82,0.0,0.0,0.0,0,0,3680.24,32.03,2.97,47.17,6.16,0.0,-2.31,0,0,0,0,0,0
2021/01/01,54.77,52.0,73.11,77.42,697.4,84.55,72.04,49.99,40.19,43.24,47.02,39.4,64.07,76.08,73.62,73.56,597.4,597.4,84.55,84.55,72.04,72.04,49.15,70.52,73.65,45.55,72.25,9.56,10.59,20.84,-0.69,16.74,0.0,0.0,0,0,4004.27,42.4,2.77,56.6,5.74,33.33,-1.73,0,0,1,0,0,0
2021/02/01,62.28,59.04,72.81,73.96,722.4,84.55,72.04,54.77,42.69,44.74,52.0,40.94,77.42,70.07,73.11,74.23,697.4,597.4,84.55,84.55,72.04,72.04,55.68,71.82,73.18,48.47,73.66,13.71,13.54,-4.47,-0.42,3.58,0.0,0.0,0,0,4534.31,46.06,3.24,53.85,6.28,41.67,-1.52,0,0,0,0,0,0
2021/03/01,65.41,62.33,72.82,78.62,812.4,100.34,88.04,62.28,49.99,40.91,59.04,47.02,73.96,64.07,72.81,73.62,722.4,597.4,84.55,84.55,72.04,72.04,60.82,76.67,72.91,52.56,73.37,5.03,5.57,6.3,0.02,12.46,18.68,22.21,0,0,4763.13,51.43,3.08,57.25,5.86,71.67,-1.25,0,0,1,1,1,0
2021/04/01,64.81,61.72,74.52,88.17,812.4,100.34,88.04,65.41,54.77,40.19,62.33,52.0,78.62,77.42,72.82,73.11,812.4,697.4,100.34,84.55,88.04,72.04,64.17,80.25,73.38,56.66,75.38,-0.92,-0.98,12.15,2.33,0.0,0.0,0.0,0,0,4829.55,57.14,3.09,65.7,5.94,38.33,-1.01,0,0,0,0,0,0
2021/05/01,68.53,65.17,73.21,93.01,812.4,100.34,88.04,64.81,62.28,42.69,61.72,59.04,88.17,73.96,74.52,72.81,812.4,722.4,100.34,84.55,88.04,72.04,66.25,86.6,73.51,60.96,79.21,5.74,5.59,5.49,-1.76,0.0,0.0,0.0,0,0,5016.84,63.74,3.36,68.09,6.18,30.0,-0.72,0,0,0,0,0,0
2021/06/01,73.16,71.38,73.58,74.13,837.9,100.34,88.04,68.53,65.41,49.99,65.17,62.33,93.01,78.62,73.21,72.82,812.4,812.4,100.34,100.34,88.04,88.04,68.83,85.1,73.77,64.83,80.89,6.76,9.53,-20.3,0.51,3.14,0.0,0.0,0,0,5382.98,54.23,1.78,54.54,6.42,8.5,-1.06,0,0,0,0,0,0
2021/07/01,75.17,72.49,74.54,58.42,837.9,100.34,88.04,73.16,64.81,54.77,71.38,61.72,74.13,88.17,73.58,74.52,837.9,812.4,100.34,100.34,88.04,88.04,72.29,75.19,73.77,68.23,77.72,2.75,1.56,-21.19,1.31,0.0,0.0,0.0,0,0,5603.1,43.91,2.68,43.55,6.69,8.5,-1.41,0,0,0,0,0,0
2021/08/01,70.75,67.73,74.12,89.49,837.9,100.34,88.04,75.17,68.53,62.28,72.49,65.17,58.42,93.01,74.54,73.21,837.9,812.4,100.34,100.34,88.04,88.04,73.03,74.01,74.08,69.64,80.31,-5.88,-6.57,53.18,-0.57,0.0,0.0,0.0,0,0,5243.67,63.31,3.02,66.33,6.26,8.5,-0.72,0,0,0,0,0,0
2021/09/01,74.49,71.65,73.64,80.7,887.9,100.34,88.04,70.75,73.16,65.41,67.73,71.38,89.49,74.13,74.12,73.58,837.9,837.9,100.34,100.34,88.04,88.04,73.47,76.2,74.1,71.15,80.65,5.29,5.79,-9.82,-0.65,5.97,0.0,0.0,0,0,5485.12,60.11,2.84,59.42,6.18,16.67,-0.82,0,0,0,0,0,0
2021/10/01,83.54,81.48,74.92,79.03,902.9,100.34,88.04,74.49,75.17,64.81,71.65,72.49,80.7,58.42,73.64,74.54,887.9,837.9,100.34,100.34,88.04,88.04,76.26,83.07,74.22,74.27,79.13,12.15,13.72,-2.07,1.74,1.69,0.0,0.0,0,0,6258.82,66.02,2.06,59.21,6.93,21.67,-0.49,0,0,0,0,0,0
2021/11/01,81.05,79.15,74.48,86.57,902.9,100.34,88.04,83.54,70.75,68.53,81.48,67.73,79.03,89.49,74.92,74.12,902.9,837.9,100.34,100.34,88.04,88.04,79.69,82.1,74.34,76.36,78.06,-2.98,-2.86,9.54,-0.59,0.0,0.0,0.0,0,0,6036.36,70.16,1.9,64.47,6.69,21.67,-0.38,0,0,0,0,0,0
2021/12/01,74.17,71.71,75.39,105.35,902.9,100.34,88.04,81.05,74.49,73.16,79.15,71.65,86.57,80.7,74.48,73.64,902.9,887.9,100.34,100.34,88.04,88.04,79.59,90.32,74.93,76.53,83.26,-8.49,-9.4,21.69,1.23,0.0,0.0,0.0,0,1,5592.03,78.14,2.46,79.43,6.19,5.0,-0.14,0,0,0,0,0,0
2022/01/01,86.51,83.22,74.41,138.67,902.9,100.26,88.04,74.17,83.54,75.17,71.71,81.48,105.35,79.03,75.39,74.92,902.9,902.9,100.34,100.34,88.04,88.04,80.58,110.2,74.76,78.42,96.64,16.64,16.05,31.63,-1.31,0.0,-0.08,0.0,0,1,6436.99,119.96,3.29,103.18,7.13,0.0,1.32,0,0,0,0,0,0
2022/02/01,97.13,91.64,74.97,216.16,902.9,100.26,88.04,86.51,81.05,70.75,83.22,79.15,138.67,86.57,74.41,74.48,902.9,902.9,100.26,100.34,88.04,88.04,85.94,153.39,74.92,82.82,117.75,12.28,10.12,55.88,0.76,0.0,0.0,0.0,1,3,7281.79,209.96,5.49,162.05,8.06,0.0,3.94,1,0,0,0,0,0
2022/03/01,117.25,108.5,76.19,318.95,952.9,100.26,88.04,97.13,74.17,74.49,91.64,71.71,216.16,105.35,74.97,75.39,902.9,902.9,100.26,100.34,88.04,88.04,100.3,224.59,75.19,89.94,157.45,20.71,18.4,47.55,1.63,5.54,0.0,0.0,1,3,8933.23,373.97,8.75,243.01,9.37,16.67,7.67,1,1,0,0,0,0
2022/04/01,104.58,101.78,76.17,191.14,1002.9,100.26,88.04,117.25,86.51,83.54,108.5,83.22,318.95,138.67,76.19,74.41,952.9,902.9,100.26,100.26,88.04,88.04,106.32,242.08,75.78,93.45,176.14,-10.81,-6.19,-40.07,-0.02,5.25,0.0,0.0,1,2,7966.06,199.89,2.8,145.59,7.94,33.33,3.55,1,0,0,0,0,0
2022/05/01,113.34,109.55,77.29,142.26,1002.9,100.26,88.04,104.58,97.13,81.05,101.78,91.64,191.14,216.16,76.17,74.97,1002.9,902.9,100.26,100.26,88.04,88.04,111.72,217.45,76.55,98.83,185.42,8.38,7.63,-25.57,1.47,0.0,0.0,0.0,0,1,8760.42,161.24,3.79,109.96,8.74,33.33,2.54,0,0,0,0,0,0
2022/06/01,122.71,114.84,78.09,130.71,1006.4,100.26,88.04,113.34,117.25,74.17,109.55,108.5,142.26,318.95,77.29,76.19,1002.9,952.9,100.26,100.26,88.04,88.04,113.54,154.7,77.19,106.92,189.65,8.27,4.83,-8.12,1.03,0.35,0.0,0.0,0,1,9582.42,160.39,7.87,102.07,9.52,17.83,2.6,0,0,0,0,0,0
2022/07/01,111.93,101.62,79.59,117.18,1006.4,100.26,88.04,122.71,104.58,86.51,114.84,101.78,130.71,191.14,78.09,76.17,1006.4,1002.9,100.26,100.26,88.04,88.04,115.99,130.05,78.32,111.16,186.07,-8.78,-11.51,-10.35,1.92,0.0,0.0,0.0,0,1,8908.68,131.16,10.31,93.27,8.85,1.17,1.77,0,0,0,0,0,0
2022/08/01,100.45,93.67,79.51,132.86,1006.4,100.26,88.04,111.93,113.34,97.13,101.62,109.55,117.18,142.26,79.59,77.29,1006.4,1002.9,100.26,100.26,88.04,88.04,111.7,126.92,79.06,111.71,172.18,-10.26,-7.82,13.38,-0.11,0.0,0.0,0.0,0,1,7986.43,133.46,6.78,105.63,7.94,1.17,1.73,0,0,0,0,0,0
2022/09/01,89.76,84.26,80.25,131.99,906.4,100.26,88.04,100.45,122.71,117.25,93.67,114.84,132.86,130.71,79.51,78.09,1006.4,1006.4,100.26,100.26,88.04,88.04,100.71,127.34,79.78,107.13,141.02,-10.64,-10.05,-0.65,0.94,-9.94,0.0,0.0,0,1,7203.58,118.47,5.5,105.93,7.95,-33.33,1.26,0,0,0,0,0,0
2022/10/01,93.33,87.55,82.29,143.16,906.4,100.26,88.04,89.76,111.93,104.58,84.26,101.62,131.99,117.18,80.25,79.59,906.4,1006.4,100.26,100.26,88.04,88.04,94.51,136.0,80.68,105.25,133.03,3.98,3.9,8.46,2.54,0.0,0.0,0.0,0,1,7680.27,133.61,5.78,117.81,8.47,-33.33,1.73,0,0,0,0,0,0
2022/11/01,91.42,84.37,81.68,116.72,906.4,100.26,88.04,93.33,100.45,113.34,87.55,93.67,143.16,132.86,82.29,79.51,906.4,1006.4,100.26,100.26,88.04,88.04,91.5,130.62,81.41,101.6,128.77,-2.05,-3.63,-18.47,-0.74,0.0,0.0,0.0,0,1,7467.23,106.71,7.05,95.34,8.24,-33.33,0.9,0,0,0,0,0,0
2022/12/01,80.92,76.44,82.47,111.2,906.4,100.26,88.04,91.42,89.76,122.71,84.37,84.26,116.72,131.99,81.68,80.25,906.4,906.4,100.26,100.26,88.04,88.04,88.56,123.69,82.15,94.64,125.52,-11.49,-9.4,-4.73,0.97,0.0,0.0,0.0,0,1,6673.78,89.98,4.48,91.71,7.36,0.0,0.31,0,0,0,0,0,0
2023/01/01,82.5,78.12,81.74,104.27,906.4,103.26,91.04,80.92,93.33,111.93,76.44,87.55,111.2,143.16,82.47,82.29,906.4,906.4,100.26,100.26,88.04,88.04,84.95,110.73,81.97,89.73,123.37,1.95,2.2,-6.23,-0.89,0.0,2.99,3.41,0,1,6743.63,86.02,4.38,85.23,7.44,0.0,0.18,0,0,0,0,0,0
2023/02/01,82.59,76.83,82.6,120.99,906.4,103.26,91.04,82.5,91.42,100.45,78.12,84.37,104.27,116.72,81.74,81.68,906.4,906.4,103.26,100.26,91.04,88.04,82.0,112.15,82.27,86.75,121.39,0.11,-1.65,16.04,1.05,0.0,0.0,0.0,0,1,6821.89,99.93,5.76,99.94,7.53,0.0,0.66,0,0,0,0,0,0
2023/03/01,78.43,73.28,82.27,105.38,1110.9,103.26,91.04,82.59,80.92,89.76,76.83,76.44,120.99,111.2,82.6,82.47,906.4,906.4,103.26,100.26,91.04,88.04,81.17,110.21,82.2,84.86,116.95,-5.04,-4.62,-12.9,-0.4,22.56,0.0,0.0,0,1,6452.16,82.65,5.15,86.69,5.81,68.17,0.04,0,0,1,0,0,0
2023/04/01,84.64,79.45,81.97,106.81,911.7,103.26,91.04,78.43,82.5,93.33,73.28,78.12,105.38,104.27,82.27,81.74,1110.9,906.4,103.26,103.26,91.04,91.04,81.89,111.06,82.28,83.42,110.89,7.92,8.42,1.36,-0.36,-17.93,0.0,0.0,0,1,6937.81,90.4,5.19,87.55,7.61,1.77,0.34,0,0,1,0,0,0
2023/05/01,75.47,71.58,82.3,108.47,911.7,103.26,91.04,84.64,82.59,91.42,79.45,76.83,106.81,120.99,81.97,82.6,911.7,906.4,103.26,103.26,91.04,91.04,79.51,106.89,82.18,80.76,109.52,-10.83,-9.91,1.55,0.4,0.0,0.0,0.0,0,1,6211.01,81.86,3.89,89.27,6.81,1.77,0.01,0,0,0,0,0,0
2023/06/01,74.84,70.25,82.23,110.53,911.7,103.26,91.04,75.47,78.43,80.92,71.58,73.28,108.47,105.38,82.3,82.27,911.7,1110.9,103.26,103.26,91.04,91.04,78.32,108.6,82.16,79.74,109.41,-0.83,-1.86,1.9,-0.09,0.0,0.0,0.0,0,1,6153.73,82.72,4.59,90.88,6.75,-66.4,0.04,0,0,0,0,0,0
2023/07/01,80.11,76.07,82.16,107.45,911.7,103.26,91.04,74.84,84.64,82.5,70.25,79.45,110.53,106.81,82.23,81.97,911.7,911.7,103.26,103.26,91.04,91.04,76.81,108.82,82.23,79.35,109.94,7.04,8.28,-2.79,-0.08,0.0,0.0,0.0,0,1,6581.56,86.08,4.04,88.28,7.22,0.0,0.17,0,0,0,0,0,0
2023/08/01,86.15,81.39,82.81,101.14,911.7,103.26,91.04,80.11,75.47,82.59,76.07,71.58,107.45,108.47,82.16,82.3,911.7,911.7,103.26,103.26,91.04,91.04,80.37,106.37,82.4,79.94,106.63,7.54,6.99,-5.87,0.8,0.0,0.0,0.0,0,1,7134.27,87.13,4.76,83.76,7.83,0.0,0.25,0,0,0,0,0,0
2023/09/01,93.72,89.43,83.07,98.63,911.7,103.26,91.04,86.15,74.84,78.43,81.39,70.25,101.14,110.53,82.81,82.23,911.7,911.7,103.26,103.26,91.04,91.04,86.66,102.41,82.68,82.49,105.5,8.79,9.88,-2.48,0.31,0.0,0.0,0.0,0,0,7785.32,92.44,4.29,81.93,8.54,0.0,0.49,0,0,0,0,0,0
2023/10/01,90.6,85.64,83.22,197.89,911.7,103.26,91.04,93.72,80.11,84.64,89.43,76.07,98.63,107.45,83.07,82.16,911.7,911.7,103.26,103.26,91.04,91.04,90.16,132.55,83.03,83.48,120.68,-3.33,-4.24,100.64,0.18,0.0,0.0,0.0,1,2,7539.39,179.29,4.96,164.68,8.27,0.0,3.15,1,0,0,0,0,0
2023/11/01,82.94,77.69,83.27,156.7,911.7,103.26,91.04,90.6,86.15,75.47,85.64,81.39,197.89,101.14,83.22,82.81,911.7,911.7,103.26,103.26,91.04,91.04,89.09,151.07,83.18,84.73,128.72,-8.45,-9.28,-20.81,0.06,0.0,0.0,0.0,1,2,6906.08,129.97,5.25,130.48,7.57,0.0,1.68,1,0,0,0,0,0
2023/12/01,77.63,71.9,83.25,142.28,911.7,103.26,91.04,82.94,93.72,74.84,77.69,89.43,156.7,98.63,83.27,83.07,911.7,911.7,103.26,103.26,91.04,91.04,83.72,165.62,83.25,85.19,134.02,-6.4,-7.45,-9.2,-0.01,0.0,0.0,0.0,1,1,6463.01,110.45,5.73,118.45,7.09,0.0,1.05,0,0,0,0,0,0
2024/01/01,80.12,74.15,83.11,160.37,911.7,105.26,92.04,77.63,90.6,80.11,71.9,85.64,142.28,197.89,83.25,83.22,911.7,911.7,103.26,103.26,91.04,91.04,80.23,153.12,83.21,85.19,142.84,3.21,3.13,12.71,-0.17,0.0,1.94,1.1,1,2,6658.93,128.49,5.97,133.29,7.3,0.0,1.66,1,0,0,0,0,0
2024/02/01,83.48,77.25,82.95,146.6,911.7,105.26,92.04,80.12,82.94,86.15,74.15,77.69,160.37,156.7,83.11,83.27,911.7,911.7,105.26,103.26,92.04,91.04,80.41,149.75,83.1,84.75,150.41,4.19,4.18,-8.59,-0.2,0.0,0.0,0.0,1,1,6924.54,122.38,6.23,121.6,7.6,0.0,1.41,0,0,0,0,0,0
2024/03/01,85.41,81.28,83.02,133.21,811.7,105.26,92.04,83.48,77.63,93.72,77.25,71.9,146.6,142.28,82.95,83.25,911.7,911.7,105.26,103.26,92.04,91.04,83.0,146.73,83.03,83.36,156.17,2.31,5.22,-9.13,0.09,-10.97,0.0,0.0,1,1,7090.86,113.77,4.13,110.59,8.74,-33.33,1.12,0,0,1,0,0,0
2024/04/01,89.94,85.35,83.4,163.95,811.7,105.26,92.04,85.41,80.12,90.6,81.28,74.15,133.21,160.37,83.02,83.11,811.7,911.7,105.26,105.26,92.04,92.04,86.28,147.92,83.12,83.25,150.52,5.3,5.01,23.08,0.45,0.0,0.0,0.0,1,2,7500.71,147.46,4.59,136.73,9.24,-33.33,2.17,1,0,0,0,0,0
2024/05/01,81.75,80.02,83.39,130.52,811.7,105.26,92.04,89.94,83.48,82.94,85.35,77.25,163.95,146.6,83.4,82.95,811.7,911.7,105.26,105.26,92.04,92.04,85.7,142.56,83.27,83.06,146.16,-9.11,-6.24,-20.39,-0.01,0.0,0.0,0.0,1,1,6816.91,106.7,1.73,108.84,8.4,-33.33,0.89,0,0,0,0,0,0
2024/06/01,82.25,79.77,83.46,113.09,811.7,105.26,92.04,81.75,85.41,77.63,80.02,81.28,130.52,133.21,83.39,83.02,811.7,811.7,105.26,105.26,92.04,92.04,84.65,135.85,83.41,83.82,141.29,0.61,-0.31,-13.35,0.09,0.0,0.0,0.0,0,1,6864.58,93.02,2.48,94.38,8.46,0.0,0.42,0,0,0,0,0,0
2024/07/01,85.15,81.8,83.59,92.39,811.7,105.26,92.04,82.25,89.94,80.12,79.77,85.35,113.09,163.95,83.46,83.4,811.7,811.7,105.26,105.26,92.04,92.04,83.05,112.0,83.48,84.66,129.96,3.53,2.54,-18.3,0.16,0.0,0.0,0.0,0,0,7117.65,78.67,3.35,77.23,8.77,0.0,-0.04,0,0,0,0,0,0
2024/08/01,80.36,76.68,83.89,140.98,811.7,105.26,92.04,85.15,81.75,83.48,81.8,80.02,92.39,130.52,83.59,83.39,811.7,811.7,105.26,105.26,92.04,92.04,82.59,115.49,83.64,84.14,129.02,-5.63,-6.26,52.59,0.35,0.0,0.0,0.0,0,1,6741.04,113.29,3.68,118.26,8.3,0.0,1.13,0,0,0,0,0,0
2024/09/01,74.02,70.24,83.79,130.36,811.7,105.26,92.04,80.36,82.25,85.41,76.68,79.77,140.98,113.09,83.89,83.46,811.7,811.7,105.26,105.26,92.04,92.04,79.84,121.24,83.76,82.24,128.55,-7.89,-8.4,-7.53,-0.11,0.0,0.0,0.0,0,1,6202.21,96.49,3.78,109.23,7.64,0.0,0.56,0,0,0,0,0,0
2024/10/01,75.63,71.99,84.0,130.69,811.7,105.26,92.04,74.02,85.15,89.94,70.24,81.8,130.36,92.39,83.79,83.59,811.7,811.7,105.26,105.26,92.04,92.04,76.67,134.01,83.89,79.86,123.0,2.18,2.49,0.25,0.26,0.0,0.0,0.0,0,1,6353.3,98.84,3.64,109.79,7.83,0.0,0.64,0,0,0,0,0,0
2024/11/01,74.35,69.95,84.33,128.9,811.7,105.26,92.04,75.63,80.36,81.75,71.99,76.68,130.69,140.98,84.0,83.89,811.7,811.7,105.26,105.26,92.04,92.04,74.67,129.98,84.04,78.63,122.74,-1.69,-2.83,-1.37,0.39,0.0,0.0,0.0,0,1,6270.13,95.84,4.4,108.7,7.72,0.0,0.53,0,0,0,0,0,0
2024/12/01,73.86,70.12,84.97,142.37,811.7,105.26,92.04,74.35,74.02,82.25,69.95,70.24,128.9,130.36,84.33,83.79,811.7,811.7,105.26,105.26,92.04,92.04,74.61,133.99,84.44,77.23,127.62,-0.66,0.24,10.45,0.75,0.0,0.0,0.0,0,1,6275.78,105.15,3.74,120.97,7.73,0.0,0.89,0,0,0,0,0,0
2025/01/01,79.27,75.74,86.27,113.23,811.7,110.26,97.04,73.86,75.63,85.15,70.12,71.99,142.37,130.69,84.97,84.0,811.7,811.7,105.26,105.26,92.04,92.04,75.83,128.17,85.19,76.25,131.09,7.32,8.01,-20.47,1.53,0.0,4.75,5.43,0,1,6838.24,89.76,3.53,97.68,8.42,0.0,0.3,0,0,0,0,0,0
2025/02/01,75.44,71.53,87.06,136.97,811.7,110.26,97.04,79.27,74.35,80.36,75.74,69.95,113.23,128.9,86.27,84.33,811.7,811.7,110.26,105.26,97.04,92.04,76.19,130.86,86.1,75.43,130.42,-4.83,-5.56,20.97,0.93,0.0,0.0,0.0,0,1,6568.09,103.33,3.91,119.25,8.09,0.0,0.81,0,0,0,0,0,0
2025/03/01,72.73,68.24,86.52,173.91,811.7,110.26,97.04,75.44,73.86,74.02,71.53,70.12,136.97,142.37,87.06,84.97,811.7,811.7,110.26,105.26,97.04,92.04,75.81,141.37,86.62,75.21,137.68,-3.59,-4.6,26.97,-0.62,0.0,0.0,0.0,0,2,6292.7,126.48,4.49,150.47,7.75,0.0,1.73,1,0,0,0,0,0
2025/04/01,68.13,63.54,85.58,140.97,861.7,110.26,97.04,72.73,79.27,75.63,68.24,75.74,173.91,113.23,86.52,86.27,811.7,811.7,110.26,110.26,97.04,97.04,72.1,150.62,86.39,73.96,139.39,-6.32,-6.89,-18.94,-1.09,6.16,0.0,0.0,0,1,5830.35,96.04,4.59,120.64,6.77,16.67,0.61,0,0,0,0,0,0
2025/05/01,64.45,62.17,85.25,165.66,861.7,110.26,97.04,68.13,75.44,74.35,63.54,71.53,140.97,136.97,85.58,87.06,861.7,811.7,110.26,110.26,97.04,97.04,68.44,160.18,85.78,72.31,145.52,-5.4,-2.16,17.51,-0.39,0.0,0.0,0.0,0,2,5494.12,106.77,2.28,141.22,6.38,16.67,1.16,1,0,0,0,0,0
2025/06/01,71.44,68.17,85.88,222.38,861.7,110.26,97.04,64.45,72.73,73.86,62.17,68.24,165.66,173.91,85.25,86.52,861.7,811.7,110.26,110.26,97.04,97.04,68.01,176.34,85.57,71.91,158.85,10.85,9.65,34.24,0.74,0.0,0.0,0.0,0,3,6135.02,158.87,3.27,190.97,7.12,16.67,3.04,1,0,0,0,0,0
2025/07/01,71.04,68.39,86.17,134.02,861.7,110.26,97.04,71.44,68.13,79.27,68.17,63.54,222.38,140.97,85.88,85.58,861.7,861.7,110.26,110.26,97.04,97.04,68.98,174.02,85.76,70.54,162.32,-0.56,0.32,-39.73,0.34,0.0,0.0,0.0,0,1,6121.62,95.21,2.65,115.49,7.1,0.0,0.54,0,0,0,0,0,0
2025/08/01,67.87,64.86,87.57,138.56,861.7,110.26,97.04,71.04,64.45,75.44,68.39,62.17,134.02,165.66,86.17,85.25,861.7,861.7,110.26,110.26,97.04,97.04,70.12,164.99,86.54,69.28,162.58,-4.46,-5.16,3.39,1.62,0.0,0.0,0.0,0,1,5943.34,94.04,3.01,121.34,6.9,0.0,0.54,0,0,0,0,0,0
2025/09/01,67.99,63.96,88.32,125.87,861.7,110.26,97.04,67.87,71.44,72.73,64.86,68.17,138.56,222.38,87.57,85.88,861.7,861.7,110.26,110.26,97.04,97.04,68.97,132.82,87.35,68.49,154.58,0.18,-1.39,-9.16,0.86,0.0,0.0,0.0,0,1,6004.97,85.58,4.03,111.17,6.97,0.0,0.18,0,0,0,0,0,0
2025/10/01,64.54,60.89,88.37,154.51,861.7,110.26,97.04,67.99,71.04,68.13,63.96,68.39,125.87,134.02,88.32,86.17,861.7,861.7,110.26,110.26,97.04,97.04,66.8,139.65,88.09,67.89,156.83,-5.07,-4.8,22.75,0.05,0.0,0.0,0.0,0,2,5703.34,99.72,3.65,136.54,6.62,0.0,0.85,0,0,0,0,0,0
2025/11/01,63.8,60.06,88.84,104.34,861.7,110.26,97.04,64.54,67.87,64.45,60.89,64.86,154.51,138.56,88.37,87.57,861.7,861.7,110.26,110.26,97.04,97.04,65.44,128.24,88.51,67.78,146.61,-1.15,-1.36,-32.47,0.54,0.0,0.0,0.0,0,1,5668.27,66.57,3.74,92.7,6.58,0.0,-0.6,0,0,0,0,0,0
2025/12/01,62.54,57.97,90.04,131.39,861.7,110.26,97.04,63.8,67.99,71.44,60.06,63.96,104.34,125.87,88.84,88.32,861.7,861.7,110.26,110.26,97.04,97.04,63.63,130.08,89.08,66.3,131.45,-1.97,-3.48,25.92,1.34,0.0,0.0,0.0,0,1,5630.79,82.17,4.57,118.3,6.53,0.0,0.11,0,0,0,0,0,0
2026/01/01,66.6,60.04,90.9,167.8,861.7,107.26,94.04,62.54,64.54,71.04,57.97,60.89,131.39,154.51,90.04,88.37,861.7,861.7,110.26,110.26,97.04,97.04,64.31,134.51,89.93,65.56,137.08,6.49,3.57,27.71,0.96,0.0,-2.72,-3.09,1,2,6054.11,111.75,6.56,152.53,7.03,0.0,1.31,1,0,0,0,0,0
2026/02/01,70.89,64.51,90.75,121.62,861.7,107.26,94.04,66.6,63.8,67.87,60.04,60.06,167.8,104.34,90.9,88.84,861.7,861.7,107.26,110.26,94.04,97.04,66.68,140.27,90.56,66.06,134.26,6.44,7.45,-27.52,-0.17,0.0,0.0,0.0,1,1,6432.97,86.22,6.38,110.37,7.47,0.0,0.19,0,0,0,0,0,0
2026/03/01,103.13,91.38,92.82,297.27,921.7,101.5,90.62,70.89,62.54,67.99,64.51,57.97,121.62,131.39,90.75,90.04,861.7,861.7,107.26,110.26,94.04,97.04,80.21,195.56,91.49,71.92,162.82,45.48,41.65,144.43,2.28,6.96,-5.37,-3.64,1,3,9572.34,306.57,11.75,275.92,10.39,20.0,6.47,1,1,0,1,0,0
